,Date,Afghanistan,Algeria,Armenia,Australia,Austria,Azerbaijan,Bahrain,Belarus,Belgium,Brazil,Cambodia,Canada,China,Croatia,Czech Republic,Denmark,Dominican Republic,Ecuador,Egypt,Estonia,Finland,France,Georgia,Germany,Greece,Iceland,India,Indonesia,Iran,Iraq,Ireland,Israel,Italy,Japan,Kuwait,Lebanon,Lithuania,Luxembourg,Macedonia,Malaysia,Mexico,Monaco,Nepal,Netherlands,New Zealand,Nigeria,Norway,Oman,Pakistan,Philippines,Qatar,Romania,Russia,San Marino,Singapore,South Korea,Sri Lanka,Switzerland,Taiwan,Thailand,United Arab Emirates,United Kingdom,United States,Vietnam,World
0,2019-12-31,0,0,0,0,0,0,0,0,0,0,0,0,27,0,0,0,0,0,0,0,0,0,0,0,0,0,0,0,0,0,0,0,0,0,0,0,0,0,0,0,0,0,0,0,0,0,0,0,0,0,0,0,0,0,0,0,0,0,0,0,0,0,0,0,27
1,2020-01-01,0,0,0,0,0,0,0,0,0,0,0,0,27,0,0,0,0,0,0,0,0,0,0,0,0,0,0,0,0,0,0,0,0,0,0,0,0,0,0,0,0,0,0,0,0,0,0,0,0,0,0,0,0,0,0,0,0,0,0,0,0,0,0,0,27
2,2020-01-02,0,0,0,0,0,0,0,0,0,0,0,0,27,0,0,0,0,0,0,0,0,0,0,0,0,0,0,0,0,0,0,0,0,0,0,0,0,0,0,0,0,0,0,0,0,0,0,0,0,0,0,0,0,0,0,0,0,0,0,0,0,0,0,0,27
3,2020-01-03,0,0,0,0,0,0,0,0,0,0,0,0,44,0,0,0,0,0,0,0,0,0,0,0,0,0,0,0,0,0,0,0,0,0,0,0,0,0,0,0,0,0,0,0,0,0,0,0,0,0,0,0,0,0,0,0,0,0,0,0,0,0,0,0,44
4,2020-01-04,0,0,0,0,0,0,0,0,0,0,0,0,44,0,0,0,0,0,0,0,0,0,0,0,0,0,0,0,0,0,0,0,0,0,0,0,0,0,0,0,0,0,0,0,0,0,0,0,0,0,0,0,0,0,0,0,0,0,0,0,0,0,0,0,44
5,2020-01-05,0,0,0,0,0,0,0,0,0,0,0,0,59,0,0,0,0,0,0,0,0,0,0,0,0,0,0,0,0,0,0,0,0,0,0,0,0,0,0,0,0,0,0,0,0,0,0,0,0,0,0,0,0,0,0,0,0,0,0,0,0,0,0,0,59
6,2020-01-06,0,0,0,0,0,0,0,0,0,0,0,0,59,0,0,0,0,0,0,0,0,0,0,0,0,0,0,0,0,0,0,0,0,0,0,0,0,0,0,0,0,0,0,0,0,0,0,0,0,0,0,0,0,0,0,0,0,0,0,0,0,0,0,0,59
7,2020-01-07,0,0,0,0,0,0,0,0,0,0,0,0,59,0,0,0,0,0,0,0,0,0,0,0,0,0,0,0,0,0,0,0,0,0,0,0,0,0,0,0,0,0,0,0,0,0,0,0,0,0,0,0,0,0,0,0,0,0,0,0,0,0,0,0,59
8,2020-01-08,0,0,0,0,0,0,0,0,0,0,0,0,59,0,0,0,0,0,0,0,0,0,0,0,0,0,0,0,0,0,0,0,0,0,0,0,0,0,0,0,0,0,0,0,0,0,0,0,0,0,0,0,0,0,0,0,0,0,0,0,0,0,0,0,59
9,2020-01-09,0,0,0,0,0,0,0,0,0,0,0,0,59,0,0,0,0,0,0,0,0,0,0,0,0,0,0,0,0,0,0,0,0,0,0,0,0,0,0,0,0,0,0,0,0,0,0,0,0,0,0,0,0,0,0,0,0,0,0,0,0,0,0,0,59
10,2020-01-10,0,0,0,0,0,0,0,0,0,0,0,0,59,0,0,0,0,0,0,0,0,0,0,0,0,0,0,0,0,0,0,0,0,0,0,0,0,0,0,0,0,0,0,0,0,0,0,0,0,0,0,0,0,0,0,0,0,0,0,0,0,0,0,0,59
11,2020-01-11,0,0,0,0,0,0,0,0,0,0,0,0,59,0,0,0,0,0,0,0,0,0,0,0,0,0,0,0,0,0,0,0,0,0,0,0,0,0,0,0,0,0,0,0,0,0,0,0,0,0,0,0,0,0,0,0,0,0,0,0,0,0,0,0,59
12,2020-01-12,0,0,0,0,0,0,0,0,0,0,0,0,59,0,0,0,0,0,0,0,0,0,0,0,0,0,0,0,0,0,0,0,0,0,0,0,0,0,0,0,0,0,0,0,0,0,0,0,0,0,0,0,0,0,0,0,0,0,0,0,0,0,0,0,59
13,2020-01-13,0,0,0,0,0,0,0,0,0,0,0,0,59,0,0,0,0,0,0,0,0,0,0,0,0,0,0,0,0,0,0,0,0,0,0,0,0,0,0,0,0,0,0,0,0,0,0,0,0,0,0,0,0,0,0,0,0,0,0,1,0,0,0,0,60
14,2020-01-14,0,0,0,0,0,0,0,0,0,0,0,0,59,0,0,0,0,0,0,0,0,0,0,0,0,0,0,0,0,0,0,0,0,0,0,0,0,0,0,0,0,0,0,0,0,0,0,0,0,0,0,0,0,0,0,0,0,0,0,1,0,0,0,0,60
15,2020-01-15,0,0,0,0,0,0,0,0,0,0,0,0,59,0,0,0,0,0,0,0,0,0,0,0,0,0,0,0,0,0,0,0,0,1,0,0,0,0,0,0,0,0,0,0,0,0,0,0,0,0,0,0,0,0,0,0,0,0,0,1,0,0,0,0,61
16,2020-01-16,0,0,0,0,0,0,0,0,0,0,0,0,59,0,0,0,0,0,0,0,0,0,0,0,0,0,0,0,0,0,0,0,0,1,0,0,0,0,0,0,0,0,0,0,0,0,0,0,0,0,0,0,0,0,0,0,0,0,0,1,0,0,0,0,61
17,2020-01-17,0,0,0,0,0,0,0,0,0,0,0,0,63,0,0,0,0,0,0,0,0,0,0,0,0,0,0,0,0,0,0,0,0,1,0,0,0,0,0,0,0,0,0,0,0,0,0,0,0,0,0,0,0,0,0,0,0,0,0,2,0,0,0,0,66
18,2020-01-18,0,0,0,0,0,0,0,0,0,0,0,0,80,0,0,0,0,0,0,0,0,0,0,0,0,0,0,0,0,0,0,0,0,1,0,0,0,0,0,0,0,0,0,0,0,0,0,0,0,0,0,0,0,0,0,0,0,0,0,2,0,0,0,0,83
19,2020-01-19,0,0,0,0,0,0,0,0,0,0,0,0,216,0,0,0,0,0,0,0,0,0,0,0,0,0,0,0,0,0,0,0,0,1,0,0,0,0,0,0,0,0,0,0,0,0,0,0,0,0,0,0,0,0,0,0,0,0,0,2,0,0,0,0,219
20,2020-01-20,0,0,0,0,0,0,0,0,0,0,0,0,235,0,0,0,0,0,0,0,0,0,0,0,0,0,0,0,0,0,0,0,0,1,0,0,0,0,0,0,0,0,0,0,0,0,0,0,0,0,0,0,0,0,0,1,0,0,0,2,0,0,0,0,239
21,2020-01-21,0,0,0,0,0,0,0,0,0,0,0,0,386,0,0,0,0,0,0,0,0,0,0,0,0,0,0,0,0,0,0,0,0,1,0,0,0,0,0,0,0,0,0,0,0,0,0,0,0,0,0,0,0,0,0,1,0,0,1,2,0,0,1,0,392
22,2020-01-22,0,0,0,0,0,0,0,0,0,0,0,0,526,0,0,0,0,0,0,0,0,0,0,0,0,0,0,0,0,0,0,0,0,1,0,0,0,0,0,0,0,0,0,0,0,0,0,0,0,0,0,0,0,0,0,1,0,0,1,4,0,0,1,0,534
23,2020-01-23,0,0,0,0,0,0,0,0,0,0,0,0,623,0,0,0,0,0,0,0,0,0,0,0,0,0,0,0,0,0,0,0,0,1,0,0,0,0,0,0,0,0,0,0,0,0,0,0,0,0,0,0,0,0,0,1,0,0,1,4,0,0,1,0,631
24,2020-01-24,0,0,0,0,0,0,0,0,0,0,0,0,882,0,0,0,0,0,0,0,0,0,0,0,0,0,0,0,0,0,0,0,0,2,0,0,0,0,0,0,0,0,0,0,0,0,0,0,0,0,0,0,0,0,3,2,0,0,1,4,0,0,1,2,897
25,2020-01-25,0,0,0,1,0,0,0,0,0,0,0,0,1323,0,0,0,0,0,0,0,0,3,0,0,0,0,0,0,0,0,0,0,0,2,0,0,0,0,0,3,0,0,1,0,0,0,0,0,0,0,0,0,0,0,3,2,0,0,3,5,0,0,2,2,1350
26,2020-01-26,0,0,0,4,0,0,0,0,0,0,0,1,1988,0,0,0,0,0,0,0,0,3,0,0,0,0,0,0,0,0,0,0,0,3,0,0,0,0,0,4,0,0,1,0,0,0,0,0,0,0,0,0,0,0,4,3,0,0,3,5,0,0,2,2,2023
27,2020-01-27,0,0,0,4,0,0,0,0,0,0,0,1,2775,0,0,0,0,0,0,0,0,3,0,0,0,0,0,0,0,0,0,0,0,3,0,0,0,0,0,4,0,0,1,0,0,0,0,0,0,0,0,0,0,0,4,4,0,0,5,8,1,0,5,2,2820
28,2020-01-28,0,0,0,4,0,0,0,0,0,0,1,2,4528,0,0,0,0,0,0,0,0,3,0,1,0,0,0,0,0,0,0,0,0,4,0,0,0,0,0,4,0,0,1,0,0,0,0,0,0,0,0,0,0,0,5,4,1,0,7,14,1,0,5,2,4587
29,2020-01-29,0,0,0,4,0,0,0,0,0,0,1,3,5994,0,0,0,0,0,0,0,0,4,0,4,0,0,0,0,0,0,0,0,0,7,0,0,0,0,0,7,0,0,1,0,0,0,0,0,0,0,0,0,0,0,7,4,1,0,8,14,1,0,5,2,6067
30,2020-01-30,0,0,0,6,0,0,0,0,0,0,1,3,7734,0,0,0,0,0,0,0,1,5,0,4,0,0,1,0,0,0,0,0,0,11,0,0,0,0,0,7,0,0,1,0,0,0,0,0,0,1,0,0,0,0,10,4,1,0,8,14,4,0,5,2,7823
31,2020-01-31,0,0,0,7,0,0,0,0,0,0,1,3,9714,0,0,0,0,0,0,0,1,6,0,5,0,0,1,0,0,0,0,0,3,14,0,0,0,0,0,8,0,0,1,0,0,0,0,0,0,1,0,0,0,0,13,7,1,0,9,14,4,0,6,5,9824
32,2020-02-01,0,0,0,9,0,0,0,0,0,0,1,4,11809,0,0,0,0,0,0,0,1,6,0,7,0,0,1,0,0,0,0,0,3,15,0,0,0,0,0,8,0,0,1,0,0,0,0,0,0,1,0,0,2,0,16,12,1,0,10,19,4,2,7,5,11946
33,2020-02-02,0,0,0,11,0,0,0,0,0,0,1,4,14399,0,0,0,0,0,0,0,1,6,0,8,0,0,2,0,0,0,0,0,3,19,0,0,0,0,0,8,0,0,1,0,0,0,0,0,0,2,0,0,2,0,18,15,1,0,10,19,5,2,8,7,14554
34,2020-02-03,0,0,0,11,0,0,0,0,0,0,1,4,17211,0,0,0,0,0,0,0,1,6,0,9,0,0,2,0,0,0,0,0,3,20,0,0,0,0,0,8,0,0,1,0,0,0,0,0,0,2,0,0,2,0,18,15,1,0,10,19,5,2,11,8,17372
35,2020-02-04,0,0,0,11,0,0,0,0,1,0,1,4,20448,0,0,0,0,0,0,0,1,6,0,11,0,0,3,0,0,0,0,0,3,20,0,0,0,0,0,8,0,0,1,0,0,0,0,0,0,2,0,0,2,0,18,16,1,0,10,19,5,2,11,9,20615
36,2020-02-05,0,0,0,12,0,0,0,0,1,0,1,5,24320,0,0,0,0,0,0,0,1,6,0,11,0,0,3,0,0,0,0,0,3,25,0,0,0,0,0,10,0,0,1,0,0,0,0,0,0,2,0,0,2,0,24,18,1,0,11,25,5,3,11,10,24523
37,2020-02-06,0,0,0,13,0,0,0,0,1,0,1,5,28047,0,0,0,0,0,0,0,1,6,0,11,0,0,3,0,0,0,0,0,3,25,0,0,0,0,0,12,0,0,1,0,0,0,0,0,0,3,0,0,2,0,28,23,1,0,11,25,5,3,12,10,28274
38,2020-02-07,0,0,0,14,0,0,0,0,1,0,1,7,31207,0,0,0,0,0,0,0,1,6,0,12,0,0,3,0,0,0,0,0,3,25,0,0,0,0,0,14,0,0,1,0,0,0,0,0,0,3,0,0,2,0,30,24,1,0,16,25,5,4,12,12,31492
39,2020-02-08,0,0,0,14,0,0,0,0,1,0,1,7,34625,0,0,0,0,0,0,0,1,11,0,13,0,0,3,0,0,0,0,0,3,25,0,0,0,0,0,15,0,0,1,0,0,0,0,0,0,3,0,0,2,0,33,24,1,0,17,32,7,4,12,13,34934
40,2020-02-09,0,0,0,14,0,0,0,0,1,0,1,7,37232,0,0,0,0,0,0,0,1,11,0,13,0,0,3,0,0,0,0,0,3,25,0,0,0,0,0,16,0,0,1,0,0,0,0,0,0,3,0,0,2,0,40,25,1,0,18,32,7,4,12,14,37552
41,2020-02-10,0,0,0,14,0,0,0,0,1,0,1,7,40206,0,0,0,0,0,0,0,1,11,0,13,0,0,3,0,0,0,0,0,3,25,0,0,0,0,0,18,0,0,1,0,0,0,0,0,0,3,0,0,2,0,43,27,1,0,18,32,7,8,12,14,40544
42,2020-02-11,0,0,0,14,0,0,0,0,1,0,1,7,42696,0,0,0,0,0,0,0,1,11,0,13,0,0,3,0,0,0,0,0,3,25,0,0,0,0,0,18,0,0,1,0,0,0,0,0,0,3,0,0,2,0,45,28,1,0,18,32,8,9,13,15,43106
43,2020-02-12,0,0,0,14,0,0,0,0,1,0,1,7,44724,0,0,0,0,0,0,0,1,11,0,15,0,0,3,0,0,0,0,0,3,25,0,0,0,0,0,18,0,0,1,0,0,0,0,0,0,3,0,0,2,0,47,28,1,0,18,33,8,9,13,15,45178
44,2020-02-13,0,0,0,14,0,0,0,0,1,0,1,7,59865,0,0,0,0,0,0,0,1,11,0,15,0,0,3,0,0,0,0,0,3,29,0,0,0,0,0,18,0,0,1,0,0,0,0,0,0,3,0,0,2,0,50,28,1,0,18,33,8,10,14,16,60329
45,2020-02-14,0,0,0,15,0,0,0,0,1,0,1,7,64021,0,0,0,0,0,0,0,1,11,0,15,0,0,3,0,0,0,0,0,3,30,0,0,0,0,0,19,0,0,1,0,0,0,0,0,0,3,0,0,2,0,58,28,1,0,18,33,8,10,15,16,64544
46,2020-02-15,0,0,0,15,0,0,0,0,1,0,1,8,66559,0,0,0,0,0,1,0,1,11,0,15,0,0,3,0,0,0,0,0,3,38,0,0,0,0,0,21,0,0,1,0,0,0,0,0,0,3,0,0,2,0,67,28,1,0,18,34,8,10,15,16,67104
47,2020-02-16,0,0,0,15,0,0,0,0,1,0,1,8,68566,0,0,0,0,0,1,0,1,11,0,15,0,0,3,0,0,0,0,0,3,52,0,0,0,0,0,22,0,0,1,0,0,0,0,0,0,3,0,0,2,0,72,29,1,0,18,34,8,10,15,16,69266
48,2020-02-17,0,0,0,15,0,0,0,0,1,0,1,8,70618,0,0,0,0,0,1,0,1,12,0,15,0,0,3,0,0,0,0,0,3,59,0,0,0,0,0,22,0,0,1,0,0,0,0,0,0,3,0,0,2,0,75,30,1,0,20,34,9,10,15,16,71333
49,2020-02-18,0,0,0,15,0,0,0,0,1,0,1,8,72508,0,0,0,0,0,1,0,1,12,0,15,0,0,3,0,0,0,0,0,3,59,0,0,0,0,0,22,0,0,1,0,0,0,0,0,0,3,0,0,2,0,77,31,1,0,22,35,9,10,15,16,73328
50,2020-02-19,0,0,0,15,0,0,0,0,1,0,1,8,74258,0,0,0,0,0,1,0,1,12,0,15,0,0,3,0,0,0,0,0,3,66,0,0,0,0,0,22,0,0,1,0,0,0,0,0,0,3,0,0,2,0,81,46,1,0,22,35,9,10,15,16,75192
51,2020-02-20,0,0,0,15,0,0,0,0,1,0,1,8,74652,0,0,0,0,0,1,0,1,12,0,15,0,0,3,0,2,0,0,0,3,84,0,0,0,0,0,22,0,0,1,0,0,0,0,0,0,3,0,0,2,0,84,80,1,0,24,35,9,10,15,16,75724
52,2020-02-21,0,0,0,17,0,0,0,0,1,0,1,9,75543,0,0,0,0,0,1,0,1,12,0,15,0,0,3,0,5,0,0,0,3,93,0,0,0,0,0,22,0,0,1,0,0,0,0,0,0,3,0,0,2,0,85,155,1,0,24,35,9,10,16,16,76720
53,2020-02-22,0,0,0,21,0,0,0,0,1,0,1,9,76369,0,0,0,0,0,1,0,1,12,0,15,0,0,3,0,18,0,0,1,17,105,0,1,0,0,0,22,0,0,1,0,0,0,0,0,0,3,0,0,2,0,86,345,1,0,26,35,11,10,35,16,77805
54,2020-02-23,0,0,0,22,0,0,0,0,1,0,1,9,77016,0,0,0,0,0,1,0,1,12,0,15,0,0,3,0,28,0,0,1,79,132,0,1,0,0,0,22,0,0,1,0,0,0,0,0,0,3,0,0,2,0,89,601,1,0,26,35,13,11,35,16,78814
55,2020-02-24,0,0,0,22,0,0,1,0,1,0,1,9,77234,0,0,0,0,0,1,0,1,12,0,15,0,0,3,0,43,0,0,2,132,144,3,1,0,0,0,22,0,0,1,0,0,0,0,0,0,3,0,0,2,0,89,762,1,0,28,35,13,11,35,16,79337
56,2020-02-25,1,0,0,22,0,0,2,0,1,0,1,11,77749,0,0,0,0,0,1,0,1,12,0,15,0,0,3,0,61,1,0,2,229,144,5,1,0,0,0,22,0,0,1,0,0,0,0,2,0,3,0,0,2,0,90,892,1,0,30,37,13,11,53,16,80130
57,2020-02-26,1,1,0,22,2,0,23,0,1,1,1,11,78159,1,0,0,0,0,1,0,1,14,0,17,0,0,3,0,95,5,0,2,322,164,11,1,0,0,0,22,0,0,1,0,0,0,0,4,0,3,0,0,2,0,91,1146,1,1,31,40,13,13,53,16,80997
58,2020-02-27,1,1,0,23,2,0,33,0,1,1,1,12,78598,2,0,1,0,0,1,0,2,17,1,21,1,0,3,0,139,5,0,2,400,186,26,2,0,0,1,22,0,0,1,0,0,0,1,4,2,3,0,1,2,0,93,1595,1,1,32,40,13,18,59,16,82111
59,2020-02-28,1,1,0,23,5,0,33,1,1,1,1,14,78927,3,0,1,0,0,1,1,2,38,1,47,3,0,3,0,245,6,0,3,650,210,43,3,1,0,1,23,0,0,1,1,1,1,4,6,2,3,0,1,2,1,96,2022,1,8,34,40,19,22,60,16,83377
60,2020-02-29,1,1,0,25,7,1,38,1,1,1,1,16,79355,5,0,2,0,0,1,1,3,57,2,57,4,1,3,0,388,7,0,7,888,230,45,3,1,0,1,25,2,1,1,2,1,1,6,6,2,3,0,3,2,1,98,2931,1,12,39,42,21,30,66,16,85236
61,2020-03-01,1,3,1,26,10,1,41,1,19,2,1,20,79929,5,0,3,0,1,1,1,3,100,3,111,7,1,3,0,593,13,1,7,1128,239,45,4,1,1,1,25,4,1,1,7,1,1,15,6,4,3,1,3,2,1,102,3526,1,18,40,42,21,42,69,16,87080
62,2020-03-02,1,3,1,29,14,3,47,1,19,2,1,24,80134,7,3,4,1,6,2,1,6,130,3,129,7,3,3,2,978,19,1,10,1689,254,46,10,1,1,1,29,5,1,1,13,1,1,19,6,4,3,3,3,2,8,106,4212,1,24,40,43,21,47,89,16,89149
63,2020-03-03,1,3,1,33,18,3,47,1,38,2,1,27,80261,8,5,5,1,7,2,1,6,178,3,157,7,6,5,2,1501,21,1,10,2036,254,56,13,1,1,1,29,5,1,1,18,1,1,25,7,4,3,3,3,3,8,108,4812,1,30,41,43,21,69,103,16,91006
64,2020-03-04,1,5,1,41,24,3,49,4,72,2,1,30,80380,9,5,8,1,7,2,2,7,212,3,196,7,16,6,2,2336,26,2,10,2502,268,56,13,1,1,1,36,5,1,1,28,2,1,33,7,5,3,8,4,4,10,110,5328,1,37,42,43,27,109,125,16,93318
65,2020-03-05,1,12,1,52,29,3,52,6,125,3,1,33,80497,9,8,10,1,10,2,2,7,285,3,262,10,26,28,2,2922,31,6,15,3089,317,56,13,1,1,1,50,5,1,1,38,3,1,56,15,5,3,8,4,4,15,112,5766,1,57,42,47,27,164,159,16,95672
66,2020-03-06,1,17,1,59,41,6,52,6,206,8,1,45,80667,10,12,20,1,13,3,5,12,423,9,400,32,35,29,2,3513,38,13,17,3858,349,58,16,1,1,1,50,5,1,1,82,4,1,86,16,5,3,8,6,4,22,117,6284,1,87,44,47,29,220,233,16,98730
67,2020-03-07,1,17,1,63,74,9,56,6,316,13,1,51,80768,11,19,23,2,13,15,10,19,613,9,684,45,43,31,4,4747,38,18,19,4636,408,58,22,1,3,3,83,5,1,1,128,5,1,113,16,6,5,11,7,10,23,130,6767,1,209,45,50,29,271,338,17,102850
68,2020-03-08,4,17,1,74,99,9,63,6,343,13,2,57,80814,12,26,31,2,13,15,10,19,716,12,847,66,53,34,4,5823,54,19,25,5883,455,61,22,1,3,3,93,5,1,1,188,5,1,147,16,6,6,12,13,10,26,138,7134,1,264,45,50,45,352,433,21,106827
69,2020-03-09,4,20,1,80,102,9,79,6,407,25,2,62,80859,12,32,38,2,14,49,10,30,1126,13,902,73,55,34,6,6566,61,21,39,7375,488,64,32,1,5,3,99,7,1,1,265,5,1,169,16,6,10,15,15,10,37,150,7382,1,332,45,50,45,412,554,30,111004
70,2020-03-10,4,20,1,100,131,9,109,6,501,25,2,77,80879,12,40,113,5,15,55,10,40,1412,15,1139,84,65,44,6,7161,61,21,39,9172,514,65,41,1,5,3,117,7,1,1,321,5,2,192,18,16,33,18,17,10,49,160,7513,1,374,45,50,59,469,754,34,115820
71,2020-03-11,7,20,1,112,182,11,110,9,600,34,2,93,80908,13,63,264,5,17,59,13,40,1784,23,1296,90,70,50,19,8042,61,35,70,10149,568,69,41,3,7,7,129,7,1,1,382,5,2,277,18,16,33,24,25,10,62,166,7755,1,490,48,59,74,617,1025,38,120927
72,2020-03-12,7,20,4,126,246,13,162,12,774,52,3,103,80932,16,94,516,5,17,60,16,59,2281,24,1567,99,85,73,34,9000,70,43,82,12462,619,72,61,3,7,7,149,11,1,1,503,5,2,489,18,20,49,262,45,25,66,178,7869,2,642,48,70,74,876,1312,39,128825
73,2020-03-13,7,25,6,156,361,13,162,21,1024,77,5,138,80954,25,116,676,5,17,80,27,155,2876,25,2369,133,117,75,34,10075,74,70,96,15113,675,80,66,3,26,9,158,16,1,1,614,5,2,621,18,21,52,262,64,30,67,187,7979,3,854,49,70,85,1282,1663,44,138276
74,2020-03-14,7,26,13,197,504,13,210,21,1362,98,5,176,80973,31,150,804,11,23,93,79,183,3661,30,3062,190,117,83,69,11364,85,91,116,17660,737,100,66,6,38,13,197,26,1,1,804,6,2,621,20,21,64,320,89,45,73,200,8086,6,1121,53,82,85,1766,2174,53,148680
75,2020-03-15,10,37,20,249,655,19,211,21,1541,121,7,244,80995,37,214,827,11,28,93,115,210,4499,30,3795,228,138,90,96,12729,85,129,178,21157,780,104,93,9,38,13,238,41,7,1,959,8,2,907,20,30,111,337,113,59,92,214,8162,11,1359,59,82,86,2244,2951,53,160845
76,2020-03-16,16,48,28,298,860,19,214,27,1755,200,12,304,81020,48,298,875,11,37,110,171,267,5423,30,4838,331,178,93,117,13938,124,169,250,23980,814,112,99,14,77,13,428,53,9,1,1135,8,2,1077,22,31,140,401,139,63,98,226,8236,19,2200,59,114,98,2605,3774,57,173300
77,2020-03-17,21,58,45,375,1016,19,221,36,2142,234,24,424,81063,56,344,932,11,58,126,205,272,6633,33,6012,352,199,125,134,14991,124,223,260,27980,824,123,120,17,81,19,553,82,9,1,1413,8,2,1169,24,187,142,439,184,93,102,243,8320,29,2200,67,177,98,3047,4661,61,187501
78,2020-03-18,22,60,78,454,1332,28,237,36,2564,291,24,569,81086,69,434,1024,11,111,166,225,319,7730,34,7156,387,247,137,172,16169,154,292,427,31506,829,130,120,25,140,31,673,93,9,1,1705,20,3,1308,24,187,187,442,217,114,104,266,8413,42,2650,77,177,113,3658,6427,68,204507
79,2020-03-19,22,72,110,565,1646,34,256,46,3098,428,24,690,81130,81,522,1115,21,168,196,258,369,9134,34,8198,418,250,165,172,17361,164,366,433,35713,873,142,133,33,210,42,790,118,9,1,2051,28,8,1423,39,302,202,452,260,147,109,313,8565,42,3003,108,177,113,4427,9415,76,224721
80,2020-03-20,22,90,136,709,2196,44,269,57,3811,621,24,846,81229,104,694,1151,21,199,210,267,400,10995,40,14138,464,330,191,227,18407,177,557,677,41035,950,148,149,48,345,48,900,164,12,1,2460,39,8,1552,39,478,230,460,277,199,126,345,8652,53,3863,108,212,140,5426,14250,87,255815
81,2020-03-21,24,102,160,874,2649,44,285,57,4473,904,47,971,81281,126,904,1255,34,426,256,283,450,12612,43,18187,495,409,231,309,19644,193,683,712,47021,1007,159,163,69,484,70,1030,203,18,1,2994,53,12,1742,48,495,230,470,308,253,151,385,8799,66,4806,135,366,140,6481,19624,88,287724
82,2020-03-22,24,139,190,1098,3024,53,306,76,4943,1128,51,1302,81346,206,995,1326,112,532,285,306,521,14459,49,21463,530,473,320,450,20610,214,785,883,53578,1046,176,230,105,670,85,1183,251,18,1,3631,66,22,1926,52,646,380,481,367,306,151,432,8897,78,6077,153,599,153,7736,26747,95,321931
83,2020-03-23,34,201,194,1709,3631,65,334,76,5429,1546,86,1430,81484,235,1165,1395,202,789,294,326,626,16018,54,24774,624,568,439,514,21638,233,906,1071,59138,1089,188,248,143,798,114,1306,316,20,1,4204,102,30,2132,55,784,380,494,433,367,151,455,8961,87,6971,165,721,153,8934,35206,121,356217
84,2020-03-24,40,230,235,1823,4486,72,339,81,6757,1891,87,1646,81553,306,1236,1460,245,981,327,352,700,19856,61,29212,695,588,492,579,23049,266,1125,1442,63927,1128,189,267,179,875,136,1518,367,22,2,4749,142,40,2371,66,887,462,501,576,438,187,509,9037,97,8015,195,827,198,10312,46442,132,400703
85,2020-03-25,42,264,265,2423,5282,87,390,81,7952,2201,91,1959,81631,382,1394,1591,312,1082,366,369,792,22302,70,31554,743,648,562,686,24811,316,1329,1930,69176,1193,191,304,209,1099,148,1624,405,23,3,5560,189,44,2566,84,991,552,526,762,495,187,558,9137,102,8789,216,934,248,12650,55231,137,443089
86,2020-03-26,75,302,290,2799,5888,93,419,86,9151,2433,96,3385,81733,418,1654,1724,392,1211,442,404,880,25233,73,36508,821,737,649,790,27017,346,1564,2369,74386,1268,195,333,274,1333,177,1796,475,23,3,6412,262,51,2916,99,1057,636,537,906,658,208,568,9241,102,9714,235,1045,333,15025,69194,153,496839
87,2020-03-27,75,367,329,3166,7029,122,458,86,10514,2915,98,4018,81827,495,2062,1877,488,1403,456,538,958,29155,79,42288,892,802,724,893,29406,382,1819,2666,80539,1364,208,368,299,1453,201,2031,585,26,3,7431,338,65,3156,109,1197,707,549,1029,840,218,594,9332,106,10714,252,1136,333,17717,85991,163,557855
88,2020-03-28,91,409,372,3378,7697,165,466,94,12032,3417,102,4675,81946,586,2279,2046,581,1627,495,575,1025,32964,81,48582,966,890,873,1046,32332,458,2121,3035,86498,1499,225,391,358,1605,219,2161,717,32,3,8603,416,81,3581,131,1197,803,562,1292,1036,223,732,9478,106,12104,267,1136,405,20804,104686,171,622949
89,2020-03-29,106,454,424,3809,8291,182,473,94,12876,3904,103,5386,82059,657,2663,2201,719,1835,536,640,1218,37575,85,52547,1061,963,979,1155,35408,506,2415,3619,92472,1693,235,412,394,1831,241,2320,848,33,5,9762,476,97,3845,152,1408,1075,590,1452,1264,224,803,9583,115,13152,283,1245,468,24001,124665,188,685763
90,2020-03-30,114,511,482,4093,8813,209,500,94,13559,4256,107,6255,82157,713,2829,2395,859,1890,576,679,1218,40174,90,57298,1156,1020,1071,1285,38309,547,2615,4247,97689,1866,255,438,484,1950,259,2470,993,35,5,10866,552,97,4102,167,1526,1418,634,1760,1534,229,844,9661,120,14274,306,1388,570,26823,143025,203,743126
91,2020-03-31,141,584,532,4557,9618,273,515,105,15297,4579,109,7424,82241,790,3002,2577,901,1966,609,715,1313,44550,98,61913,1212,1086,1251,1414,41495,630,2910,4473,101739,1953,266,446,484,1988,285,2626,1094,36,5,11750,647,131,4226,179,1625,2084,693,1952,1836,229,844,9786,120,15412,306,1651,611,29681,164620,206,807614
92,2020-04-01,166,716,571,4707,10182,298,567,152,16978,5717,109,8536,82295,867,3308,2860,1109,2302,656,745,1384,52128,110,67366,1314,1135,1397,1528,44606,694,3235,4916,105792,1953,289,463,533,2178,329,2766,1215,37,5,12595,647,131,4447,192,2039,2084,781,2245,2337,230,879,9786,122,16108,322,1651,664,33954,189618,212,882288
93,2020-04-02,192,847,663,4976,10711,359,569,152,18494,6836,110,9595,82395,963,3589,3107,1284,2758,710,779,1446,56989,115,73522,1375,1220,1965,1677,47593,694,3447,5591,110574,2178,317,479,581,2319,354,2908,1378,40,5,13614,723,151,4665,210,2291,2311,835,2460,2777,236,1000,9976,143,17070,339,1771,814,38468,216721,233,959761
94,2020-04-03,235,986,736,5224,11129,400,643,254,19973,7910,114,11268,82465,1011,3858,3386,1380,3163,779,858,1518,59105,121,79696,1514,1319,2301,1790,50468,772,3849,6252,115242,2617,342,494,649,2487,354,3116,1510,43,5,14697,772,174,4935,231,2291,2633,949,2738,3548,245,1049,10062,148,18194,339,1875,1024,43381,245540,236,1037219
95,2020-04-04,235,1171,770,5548,11525,443,643,351,21667,9056,114,12519,82527,1079,4190,3757,1488,3368,779,961,1615,64338,148,85778,1613,1364,2902,1986,50468,772,4273,7428,119827,2935,342,494,771,2612,430,3333,1688,47,6,15723,824,190,5208,231,2291,3018,949,3183,4149,251,1114,10156,151,19227,355,1978,1264,48249,277965,240,1119049
96,2020-04-05,270,1251,822,5687,11766,521,688,394,22589,10278,114,13882,82575,1126,4472,4077,1578,3465,985,1018,1882,68605,157,91714,1673,1417,3374,2092,55743,878,4604,8018,124632,3271,479,520,771,2729,483,3483,1890,48,6,16627,872,210,5510,277,2450,3094,1325,3613,4731,259,1189,10237,159,20201,363,2169,1505,53160,312237,241,1204292
97,2020-04-06,299,1320,833,5744,11983,584,700,564,23254,11130,114,15496,82642,1182,4587,4369,1745,3646,1070,1097,1927,70478,174,95391,1735,1486,4067,2273,58226,961,5111,8430,128948,3654,556,527,811,2804,483,3662,2143,51,9,17851,911,232,5640,298,3277,3246,1604,3864,5389,266,1309,10284,166,21022,363,2220,1783,57180,337635,245,1270568
98,2020-04-07,337,1423,853,5844,12297,641,756,700,25188,12056,115,16653,82698,1222,4822,4681,1828,3747,1073,1108,2176,74390,188,99225,1755,1562,4421,2491,60500,1031,5364,8904,132547,3906,665,541,843,2843,570,3793,2439,52,9,18803,943,238,5755,371,3864,3660,1832,4057,6343,277,1375,10331,178,21574,373,2258,2045,60772,368196,251,1343556
99,2020-04-08,367,1468,881,5956,12640,717,811,861,26703,13717,117,17883,82784,1282,5017,5071,1956,3995,1322,1149,2308,78167,196,103228,1832,1586,5194,2738,62589,1031,5709,9248,135586,4257,743,548,880,2970,599,3963,2785,54,9,19580,969,254,5863,419,4072,3764,2057,4417,7497,279,1481,10384,185,22164,376,2369,2313,66054,398809,251,1420823
100,2020-04-09,423,1572,921,6052,12969,822,823,1066,28301,15927,118,19274,82870,1343,5312,5402,2111,4450,1560,1185,2487,82048,211,108202,1884,1616,5734,2956,64586,1202,6224,9404,139422,4768,855,575,912,3034,617,4119,3181,54,9,20549,992,276,6010,419,4322,3870,2210,4761,8672,308,1623,10423,189,22710,379,2423,2597,71504,432132,255,1505743
101,2020-04-10,484,1666,937,6152,13248,926,887,1486,30540,17857,119,20748,82925,1407,5569,5635,2349,4965,1699,1207,2605,86334,218,113525,1955,1648,6412,3293,66220,1232,7393,9968,143626,5347,910,582,955,3115,663,4228,3441,57,9,21762,1015,288,6160,457,4601,4076,2376,5202,10131,333,1909,10450,190,23495,380,2473,2910,76635,466033,257,1593007
102,2020-04-11,521,1761,967,6238,13560,991,998,1981,32876,19638,120,22133,83004,1495,5732,5819,2620,7161,1794,1258,2769,90676,234,117658,2011,1675,7447,3512,68192,1279,8089,10408,147577,6005,993,609,999,3223,711,4346,3844,63,9,23097,1035,305,6244,484,4788,4076,2512,5467,11917,344,1909,10450,197,24228,380,2518,3260,81493,501560,258,1682519
103,2020-04-12,555,1825,1013,6289,13807,1058,1040,2226,33905,20727,122,23301,83097,1534,5902,5996,2759,7257,1939,1304,2905,93790,242,120479,2081,1689,8356,3842,70029,1318,8928,10743,152271,6748,1154,619,1053,3270,760,4530,4219,63,9,24413,1049,318,6320,546,5038,4428,2728,5990,13584,356,2299,10512,199,24820,385,2551,3616,85806,529951,262,1757833
104,2020-04-13,607,1914,1039,6322,13937,1098,1136,2578,34429,22169,122,24365,83209,1600,5991,6174,2967,7466,2065,1309,2974,95403,257,123016,2114,1701,9152,4241,71686,1352,9655,11145,156363,7255,1234,630,1062,3281,828,4683,4661,64,12,25587,1064,323,6415,599,5374,4648,2979,6300,15770,356,2532,10537,210,25220,388,2579,3982,89385,557571,264,1826361
105,2020-04-14,665,1983,1067,6366,14043,1148,1361,2919,34966,23430,122,25663,83303,1650,6059,6318,3167,7529,2190,1332,3064,98076,272,125098,2145,1711,10363,4557,73303,1378,10647,11586,159516,7645,1300,632,1070,3292,854,4817,5014,64,14,26551,1072,343,6488,813,5716,4932,3231,6633,18328,356,2918,10564,218,25499,393,2613,4359,92874,582594,267,1891081
106,2020-04-15,714,2070,1111,6416,14234,1197,1528,3281,36526,25262,122,27046,83352,1704,6141,6511,3286,7603,2350,1373,3161,103573,300,127584,2170,1720,11438,4839,74877,1400,11479,12046,162488,8100,1355,641,1070,3307,908,4987,5399,64,16,27419,1078,373,6566,910,5988,5223,3428,6879,21102,372,3252,10591,233,25753,395,2643,4749,97052,609516,268,1967577
107,2020-04-16,784,2160,1159,6458,14370,1253,1673,3728,38159,28320,122,28364,83402,1741,6303,6681,3614,7858,2505,1402,3237,106206,306,130450,2192,1727,12380,5136,76389,1415,12547,12501,165155,8582,1405,658,1091,3373,974,5072,5847,64,16,28153,1084,407,6677,910,6505,5453,3711,7216,24490,392,3699,10613,237,26336,395,2672,5158,101378,639664,268,2045925
108,2020-04-17,794,2268,1201,6497,14448,1283,1700,4204,39833,30425,122,30081,83754,1791,6433,6879,3755,8225,2673,1434,3369,108847,348,133830,2207,1739,13387,5516,77995,1434,13271,12758,168941,9167,1524,663,1149,3444,1081,5182,6297,64,16,29214,1086,442,6791,1019,7025,5660,4103,7707,27938,426,4427,10635,238,26651,395,2700,5593,106443,671331,268,2129866
109,2020-04-18,845,2418,1248,6533,14603,1340,1744,4779,41227,33682,122,31872,83785,1814,6549,7073,4126,8450,2844,1459,3489,109252,370,137439,2207,1754,14378,5923,79494,1482,13980,12982,172434,9795,1658,668,1239,3480,1117,5251,6875,65,30,30449,1094,493,6791,1069,7481,5878,4663,8067,32008,435,5050,10653,244,26997,395,2700,6045,111735,702164,268,2211645
110,2020-04-19,908,2535,1291,6586,14662,1373,1773,5297,41949,36599,122,33341,83803,1832,6654,7242,4335,9022,3032,1512,3681,111821,388,139897,2207,1760,15712,6248,80868,1482,14758,13265,175925,10361,1752,672,1298,3537,1170,5305,7497,65,31,31589,1098,542,6984,1180,7993,6087,5008,8418,36793,455,5992,10661,254,27322,398,2733,6490,116691,735086,268,2291208
111,2020-04-20,996,2629,1339,6612,14710,1398,1873,5807,42392,38654,122,34777,83817,1871,6787,7384,4680,9468,3144,1528,3783,112606,394,141672,2235,1771,17265,6575,82211,1539,15251,13491,178972,10751,1915,673,1326,3550,1207,5389,8261,65,31,32655,1105,627,7068,1266,8418,6259,5448,8746,42853,461,6588,10674,295,27658,420,2765,6943,121412,759687,268,2361770
112,2020-04-21,1031,2718,1401,6625,14783,1436,1907,6264,43668,40581,122,36823,83849,1881,6914,7515,4964,10128,3333,1535,3868,114657,402,143457,2245,1773,18600,6760,83505,1574,15652,13713,181228,11118,1995,677,1350,3558,1225,5425,8772,65,31,33405,1107,665,7113,1508,9216,6459,6015,8936,47121,462,8014,10683,304,27826,422,2792,7401,125265,787752,268,2435505
113,2020-04-22,1092,2811,1473,6647,14833,1480,1973,6723,44938,43079,122,38413,83864,1908,7041,7695,5044,10398,3490,1552,4014,117324,408,145694,2401,1778,19984,7135,84802,1602,16040,13942,183957,11496,2080,677,1370,3618,1231,5482,9501,65,42,34134,1112,782,7166,1508,9749,6599,6533,9242,52763,476,9125,10694,310,27981,425,2811,7865,130119,825041,268,2522170
114,2020-04-23,1176,2910,1523,6654,14924,1518,2007,7281,45715,45757,122,40179,83876,1950,7136,7912,5300,10850,3490,1559,4129,119151,416,148046,2408,1785,21393,7418,85996,1602,16671,14592,187327,11772,2248,682,1398,3654,1259,5532,10544,65,45,34842,1112,873,7250,1614,9749,6710,7141,9710,57999,488,10141,10702,330,28186,426,2839,8322,134879,842629,268,2588514
115,2020-04-24,1281,3007,1596,6667,14985,1548,2217,8022,46691,49492,122,42099,83884,1981,7188,8073,5543,11183,3659,1592,4284,120804,425,150383,2463,1789,23077,7775,87026,1677,17607,14882,189973,12240,2399,688,1410,3665,1300,5603,11633,65,48,35729,1114,981,7345,1716,11155,6981,7764,10096,62773,501,11178,10708,368,28414,427,2839,8812,140366,869172,270,2666999
116,2020-04-25,1351,3127,1677,6687,15068,1592,2518,8773,47502,52995,122,43877,83899,2009,7273,8210,5749,11183,4092,1605,4395,122577,444,152438,2490,1789,24506,8211,88194,1708,18184,15058,192994,12892,2614,696,1410,3695,1326,5691,12872,65,49,36535,1117,1095,7408,1790,11940,7192,8525,10417,68622,513,12075,10718,420,28595,428,2854,9309,145524,890524,270,2739791
117,2020-04-26,1463,3256,1746,6703,15134,1617,2589,9590,47890,58509,122,45341,83909,2016,7352,8445,5926,11183,4319,1635,4475,124114,456,154175,2506,1790,26496,8607,89328,1763,18561,15298,195351,13182,2892,704,1426,3711,1367,5742,13842,65,49,37190,1121,1182,7467,1905,12723,7294,9358,10635,74588,513,12693,10728,462,28811,429,2922,9813,150494,939053,270,2839573
118,2020-04-27,1531,3382,1808,6713,15189,1645,2647,10463,48095,61888,122,46884,83912,2030,7404,8575,6135,22719,4319,1643,4576,124575,486,155193,2506,1792,27892,8882,90481,1820,19262,15398,197675,13385,3075,707,1438,3723,1386,5780,14677,65,52,37845,1122,1273,7505,1998,13328,7579,10287,11036,80949,538,13624,10738,523,28978,429,2922,10349,154242,965910,270,2921250
119,2020-04-28,1703,3517,1867,6725,15256,1678,2723,11289,48850,66501,122,48489,83938,2039,7449,8698,6135,23240,4782,1647,4695,125770,497,156337,2534,1792,29435,9096,91472,1847,19648,15466,199414,13576,3288,710,1449,3729,1399,5820,15529,66,52,38245,1124,1337,7533,2049,14079,7777,11244,11339,87147,538,14423,10752,588,29081,429,2938,10839,157715,988451,270,2987070
120,2020-04-29,1827,3649,1932,6738,15314,1717,2811,12208,49419,71886,122,50015,83940,2047,7504,8851,6416,24258,5042,1660,4740,126835,511,157641,2534,1795,31332,9511,92584,1847,19877,15589,201505,13852,3440,717,1344,3741,1421,5851,16752,66,54,38416,1126,1532,7605,2131,14885,7958,11921,11616,93558,553,14951,10761,619,29181,429,2938,11380,162421,1012583,270,3059324
121,2020-04-30,1949,3848,2066,6746,15364,1766,2921,13181,49941,78162,122,51587,83944,2062,7579,9008,6652,24675,5268,1666,4906,128442,517,159119,2576,1797,33050,9771,93657,2003,20253,15834,203591,14088,3740,721,1375,3769,1442,5945,17799,66,57,38802,1129,1728,7667,2274,15759,8212,12564,11978,99399,563,15641,10765,649,29324,429,2954,11929,167150,1039909,270,3138126
122,2020-05-01,2171,4006,2148,6762,15424,1804,3040,14027,50527,85380,122,53236,83956,2076,7682,9158,6972,24934,5537,1689,4995,129581,539,160758,2591,1797,35043,10118,94640,2085,20612,15946,205463,14281,4024,725,1385,3784,1465,6002,19224,66,57,39316,1132,1932,7710,2348,16817,8488,13409,12240,106498,569,16169,10774,665,29503,429,2960,12481,172592,1069826,270,3223459
123,2020-05-02,2335,4154,2273,6767,15458,1854,3170,14917,50764,91589,122,55061,83959,2085,7737,9311,7288,26336,5895,1694,5051,130185,582,161703,2591,1798,37336,10551,95646,2153,20833,16101,207428,14544,4377,729,1399,3802,1494,6071,20739,66,59,39791,1134,2170,7759,2447,18114,8772,14096,12567,114431,580,17101,10780,690,29622,429,2960,13038,177558,1103781,270,3312126
124,2020-05-03,2469,4295,2386,6783,15470,1894,3284,15828,51050,96559,122,56714,83961,2088,7755,9407,7578,27464,6193,1699,5179,130979,582,162496,2620,1798,39980,10843,96448,2219,21176,16185,209328,14839,4619,733,1406,3812,1506,6176,22088,66,59,40236,1136,2388,7759,2483,19103,8928,14872,12732,124054,580,17548,10793,705,29734,432,2966,13599,182295,1133069,270,3392754
125,2020-05-04,2704,4474,2507,6801,15538,1932,3383,16705,51190,101147,122,59474,83964,2096,7781,9523,7954,29538,6465,1700,5254,131287,589,163175,2626,1799,42533,11192,97424,2296,21506,16208,210717,15057,4983,737,1410,3824,1511,6298,23471,66,75,40571,1137,2558,7809,2568,20186,9223,15551,13163,134687,582,18205,10801,718,29822,436,2969,14163,185524,1158041,271,3469919
126,2020-05-05,2894,4648,2619,6825,15569,1984,3533,17489,51860,107780,122,60772,83966,2101,7819,9670,8235,31881,6813,1703,5327,131863,593,163860,2632,1799,46433,11587,98647,2346,21722,16246,211938,15231,5278,740,1419,3828,1518,6353,24905,66,82,40770,1137,2802,7847,2637,21501,9485,16191,13512,145268,582,18778,10804,755,29898,438,2987,14730,188506,1180634,271,3546455
127,2020-05-06,3224,4838,2782,6849,15586,2060,3720,18350,52406,114715,122,62046,83968,2112,7896,9821,8480,31881,7201,1711,5412,132967,604,164897,2642,1799,49391,12071,99970,2431,21983,16289,213013,15354,5804,741,1423,3840,1526,6383,26025,66,82,41087,1138,2950,7903,2735,22550,9684,17142,13837,155370,589,19410,10806,771,29926,438,2988,15192,191895,1204475,271,3625138
128,2020-05-07,3392,4997,2884,6875,15651,2127,3934,19255,52958,125218,122,63496,83970,2119,7974,9983,8807,29420,7588,1713,5573,137150,610,166091,2663,1799,52952,12438,101650,2480,22248,16310,214457,15463,6289,750,1428,3851,1539,6428,27634,66,99,41319,1139,3145,7953,2903,24073,10004,17972,14107,165929,608,20198,10810,797,29977,439,2989,15738,195577,1228603,271,3712695
129,2020-05-08,3563,5182,3029,6896,15673,2204,4199,20168,53400,135106,122,64922,83976,2125,8031,10083,9095,30298,7981,1720,5673,137779,615,167300,2678,1801,56342,12776,103135,2543,22385,16381,215858,15547,6567,784,1433,3859,1572,6467,29616,66,101,41774,1141,3526,7995,2958,25837,10343,18890,14499,177160,622,20939,10822,824,30043,440,2992,16240,199404,1256972,288,3805119
130,2020-05-09,3778,5369,3175,6914,15735,2279,4444,21101,53883,145328,122,66434,83976,2161,8077,10218,9376,28818,8476,1725,5738,138421,623,168551,2691,1801,59662,13112,104691,2603,22541,16436,217185,15628,7208,796,1436,3871,1586,6535,31522,66,101,42093,1142,3912,8034,3112,27474,10463,20201,14811,187859,623,21707,10840,835,30124,440,3000,16793,203171,1283929,288,3894330
131,2020-05-10,4033,5558,3313,6929,15777,2422,4774,22052,54123,155939,122,67702,83991,2176,8095,10319,9882,29071,8964,1733,5880,138854,626,169218,2710,1801,62939,13645,106220,2679,22760,16454,218268,15747,7623,809,1444,3877,1622,6589,33460,66,109,42382,1144,4151,8069,3224,29465,10610,21331,15131,198676,637,22460,10874,847,30168,440,3004,17417,206234,1309541,288,3983173
132,2020-05-11,4402,5723,3392,6941,15787,2519,4941,22973,54241,162699,122,68848,84010,2187,8123,10429,10347,29559,9400,1739,5962,139063,635,169575,2716,1801,67152,14032,107603,2767,22996,16477,219070,15798,8688,845,1479,3886,1642,6656,35022,66,120,42627,1147,4399,8099,3399,30941,10794,22520,15362,209688,628,23336,10909,863,30222,440,3015,18198,208391,1329799,288,4057867
133,2020-05-12,4687,5891,3538,6948,15874,2589,5236,23906,54717,168331,122,69981,84011,2196,8176,10513,10634,29509,9746,1741,5984,139519,638,170508,2726,1801,70756,14265,109286,2818,23135,16506,219814,15874,9286,859,1485,3888,1664,6726,36327,66,134,42788,1147,4641,8106,3574,32081,11086,23623,15588,221344,628,23787,10936,869,30261,440,3015,18878,210720,1347916,288,4127601
134,2020-05-13,4967,6067,3718,6964,15910,2693,5531,24873,55112,177589,122,71157,84018,2207,8221,10591,10900,30419,10093,1746,6003,140227,642,171306,2744,1801,74281,14749,110767,2913,23242,16529,221216,16024,10277,870,1491,3894,1674,6742,38324,66,217,42984,1147,4787,8135,3721,34336,11350,25149,15778,232243,638,24671,10962,889,30297,440,3017,19661,214306,1369964,288,4213814
135,2020-05-14,5226,6253,3860,6975,15964,2758,5816,25825,55433,188974,122,72278,84024,2213,8269,10667,11196,30486,10431,1751,6054,140734,647,172239,2760,1802,78003,15438,112725,3032,23401,16548,222104,16079,11028,878,1505,3904,1694,6779,40186,66,219,43211,1147,4971,8158,4019,35788,11618,26539,16002,242271,643,25346,10991,915,30330,440,3017,20386,217708,1390746,288,4300071
136,2020-05-15,5339,6442,4044,6989,16005,2879,6198,26772,55738,202918,122,73401,84029,2221,8351,10713,11320,30502,10829,1758,6145,141356,667,173152,2770,1802,81970,16006,114533,3143,23827,16579,223096,16193,11975,886,1511,3915,1723,6819,42595,66,258,43481,1148,5162,8175,4341,37218,11876,28272,16247,252245,648,26098,11018,925,30380,440,3018,21084,221015,1417889,312,4396614
137,2020-05-16,6402,6629,4283,7019,16068,2980,6583,27730,56084,218223,122,74602,84038,2222,8406,10791,11739,31467,11228,1766,6228,141919,671,173772,2810,1802,85940,16496,116635,3193,23956,16589,223885,16237,12860,891,1523,3923,1740,6855,45032,66,276,43681,1148,5445,8197,4625,38799,12091,29425,16437,262843,652,26891,11037,935,30431,440,3025,21831,223643,1443397,313,4493833
138,2020-05-17,6402,6821,4472,7036,16140,3138,6747,28681,56231,233142,122,75853,84044,2224,8455,10858,11893,32763,11719,1770,6286,142291,695,174355,2819,1802,90927,17025,118392,3260,24048,16608,224760,16285,13802,902,1534,3930,1762,6872,47144,66,291,43870,1149,5621,8197,5029,40151,12305,30972,16704,272043,653,27356,11050,960,30489,440,3028,22627,226169,1467884,318,4586768
139,2020-05-18,6664,7019,4823,7045,16154,3274,6956,29650,56312,241080,122,76991,84054,2226,8475,10927,12314,33182,12229,1774,6347,142411,701,174697,2834,1802,96169,17514,120198,3404,24112,16617,225435,16305,14850,911,1541,3945,1792,6894,49219,66,304,43995,1149,5959,8197,5186,42125,12513,32604,16871,281752,654,28038,11065,981,30504,440,3028,23358,228248,1486757,320,4666271
140,2020-05-19,7072,7201,5041,7060,16179,3287,7184,30572,56629,254220,122,78061,84063,2228,8586,10968,12725,33582,12764,1784,6380,142903,702,175210,2836,1802,101139,18010,122492,3554,24200,16621,225886,16365,15691,931,1547,3947,1817,6941,51633,67,375,44141,1153,6175,8249,5379,43966,12718,33969,17036,290678,654,28343,11078,992,30514,440,3031,24190,230086,1508598,324,4752638
141,2020-05-20,7653,7377,5271,7068,16257,3518,7532,31508,56921,271628,122,79101,84065,2232,8647,11044,13223,34151,13484,1791,6399,143427,707,176007,2840,1802,106750,18496,124603,3611,24251,16650,226699,16385,16764,954,1562,3958,1839,6978,54346,67,402,44249,1153,6401,8257,5671,45898,12942,35606,17191,299941,655,28794,11110,1027,30535,440,3034,25063,232675,1528568,324,4848182
142,2020-05-21,8145,7542,5606,7079,16275,3631,7888,32426,57306,291579,122,80091,84067,2234,8721,11117,13477,34854,14229,1794,6443,143845,713,176752,2850,1803,112359,19189,126949,3724,24315,16670,227364,16424,17568,961,1577,3971,1858,7009,56594,67,444,44447,1153,6677,8268,6043,48091,13221,37097,17387,308705,656,29364,11122,1028,30575,441,3034,26004,235727,1551853,324,4951509
143,2020-05-22,8676,7728,5928,7081,16332,3749,8174,33371,57376,310087,123,81313,84079,2237,8754,11182,13657,35306,15003,1800,6493,144163,721,177212,2853,1803,118447,20162,129341,3877,24391,16690,228006,16513,18609,1024,1594,3980,1898,7059,59567,67,487,44700,1154,7016,8268,6370,50694,13434,38651,17585,317554,658,29812,11142,1055,30611,441,3037,26898,238445,1577287,324,5059289
144,2020-05-23,9216,7918,6302,7095,16361,3855,8414,34303,57624,330890,124,82469,84081,2243,8813,11230,13989,35828,15786,1807,6537,144566,723,177850,2873,1803,125101,20796,131652,3964,24506,16690,228658,16536,19564,1086,1604,3981,1921,7137,62527,67,548,44888,1154,7261,8309,6794,52437,13597,40481,17712,326448,661,30426,11165,1068,30624,441,3040,27892,241019,1601434,324,5165089
145,2020-05-24,9998,8113,6661,7106,16407,3982,8802,35244,57747,347398,124,83610,84084,2243,8890,11289,14422,36258,16613,1821,6568,144806,728,178281,2876,1804,131868,21745,133521,4272,24582,16690,229327,16550,20464,1097,1616,3990,1941,7185,65856,67,584,45064,1154,7526,8309,7257,54601,13777,42213,17857,335882,665,31068,11190,1089,30642,441,3040,28704,243081,1622670,324,5265116
146,2020-05-25,10582,8306,7113,7109,16439,4122,9138,36198,57822,363211,124,84688,84095,2244,8957,11360,14422,36756,17265,1823,6579,144921,730,178570,2878,1804,138845,22271,135701,4469,24639,16720,229858,16581,21302,1114,1623,3992,1978,7245,68620,67,603,45236,1154,7839,8309,7770,56349,14035,43714,18070,344481,665,31616,11206,1141,30653,441,3042,29485,244608,1643238,325,5358271
147,2020-05-26,11173,8503,7402,7118,16459,4271,9171,37144,58136,374898,124,85700,84102,2244,9004,11387,15073,37355,17967,1824,6599,145279,731,179002,2882,1804,145380,22750,137724,4632,24698,16734,230158,16623,21967,1119,1635,3993,1999,7417,71105,67,682,45445,1154,8068,8352,7770,57705,14319,45465,18283,353427,666,31960,11225,1182,30663,441,3042,30307,245972,1662302,326,5447114
148,2020-05-27,11831,8697,7774,7133,16497,4403,9366,38059,58338,391222,124,86636,84103,2244,9050,11428,15264,37355,18756,1834,6628,145555,732,179364,2892,1804,151767,23165,139511,4848,24735,16757,230555,16651,22575,1140,1639,3995,2015,7604,74560,67,772,45578,1154,8344,8364,8118,59151,14669,47207,18429,362342,666,32343,11265,1319,30678,441,3045,31086,247596,1681212,327,5540895
149,2020-05-28,12456,8857,8216,7139,16515,4568,9633,38956,58520,411821,124,87508,84106,2244,9086,11480,15723,38103,19666,1840,6692,145746,735,179717,2903,1805,158333,23851,141591,5135,24803,16793,231139,16651,23267,1161,1647,4001,2040,7619,78023,67,886,45768,1154,8733,8383,8373,61227,15049,48947,18594,370680,667,32876,11344,1469,30678,441,3054,31969,249268,1699933,327,5643714
150,2020-05-29,13036,8997,8676,7150,16543,4759,10052,39858,58691,438238,124,88501,84106,2245,9140,11512,16068,38471,20793,1851,6743,149071,738,180458,2906,1805,165799,24538,143849,5457,24841,16872,231732,16719,24112,1168,1656,4008,2078,7629,81400,67,1042,45950,1154,8915,8401,9009,64028,15588,50914,18791,379051,670,33249,11402,1530,30713,441,3065,32532,251103,1721750,327,5762220
151,2020-05-30,13659,9134,8927,7173,16594,4989,10449,40764,58856,465166,125,89407,84123,2245,9196,11593,16531,38571,22082,1859,6776,149668,746,181196,2909,1805,173763,25216,146668,5873,24876,16987,232248,16804,25184,1172,1662,4012,2130,7732,84627,67,1212,46126,1154,9302,8411,9820,66457,16634,52907,18982,387623,671,33860,11441,1558,30745,442,3076,33170,252863,1747087,327,5884289
152,2020-05-31,14525,9267,9282,7185,16638,5246,10793,41658,58917,498440,125,90179,84128,2246,9230,11633,16908,38571,23449,1865,6826,151496,757,181482,2915,1806,182143,25773,148950,6179,24929,17012,232664,16851,26192,1191,1670,4016,2164,7762,87512,67,1401,46257,1154,9855,8411,10423,69496,17224,55262,19133,396575,671,34366,11468,1620,30762,442,3081,33896,254390,1770384,327,6012227
153,2020-06-01,15205,9394,9492,7195,16642,5494,11398,42556,58966,514849,125,90936,84147,2246,9273,11669,17285,39098,24985,1869,6859,151753,783,181815,2917,1806,190535,26473,151466,6439,24990,17071,233019,16884,27043,1220,1675,4018,2226,7819,90664,67,1572,46442,1154,10162,8411,11437,72460,18086,56910,19257,405843,671,34884,11503,1633,30779,442,3081,34557,255515,1790191,328,6118943
154,2020-06-02,15750,9513,10009,7204,16663,5662,11804,43403,59025,526447,125,91694,84154,2246,9302,11699,17572,39994,26384,1870,6885,152091,796,182028,2918,1806,198706,26940,154445,6868,25062,17219,233197,16930,27762,1233,1678,4019,2315,7857,93435,67,1798,46545,1154,10578,8411,12223,76398,18638,58433,19398,414878,687,35292,11541,1643,30788,443,3082,35192,256594,1811277,328,6219237
155,2020-06-03,16509,9626,10524,7221,16674,5935,12311,44255,59206,555383,125,92399,84159,2246,9364,11734,17752,40414,27536,1870,6887,151325,800,182370,2937,1806,207615,27549,157562,7387,25066,17342,233515,16986,28649,1242,1682,4020,2391,7877,97326,67,2099,46647,1154,10819,8446,12799,80463,18997,60259,19517,423741,687,35836,11590,1683,30791,443,3083,35788,258035,1831821,328,6331624
156,2020-06-04,17267,9626,11221,7229,16705,6260,12815,45116,59365,584016,125,93074,84160,2246,9438,11771,18040,40966,28615,1880,6911,151677,800,182764,2937,1806,216919,28233,160696,8168,25111,17429,233836,17018,29359,1256,1684,4020,2492,7970,101238,67,2300,46733,1154,11166,8446,13537,85264,19748,62160,19669,432277,687,36405,11629,1749,30810,443,3101,36359,259519,1851520,328,6457136
157,2020-06-05,18054,9831,11817,7240,16741,6522,13296,45981,59537,614932,125,93715,84171,2247,9494,11811,18319,40966,29767,1890,6911,152444,801,183271,2952,1806,226770,28818,164270,8840,25142,17562,234013,17064,29921,1306,1687,4027,2612,7970,105680,67,2634,46942,1154,11516,8477,14316,89249,20382,63741,19907,441108,687,36922,11668,1797,30830,443,3102,37018,260875,1872660,328,6584060
158,2020-06-06,18969,9935,12364,7251,16803,6860,13835,46868,59691,645762,125,94324,84177,2247,9529,11875,18708,41575,31115,1910,6941,153055,805,183678,2967,1806,236657,29521,167156,9846,25163,17706,234531,17103,30644,1312,1694,4032,2792,8266,110026,67,2912,47152,1154,11844,8504,15086,93983,20626,65495,20103,449834,687,37183,11719,1801,30853,443,3104,37642,262118,1897838,329,6717250
159,2020-06-07,19551,10050,13130,7255,16822,7239,14383,47751,59760,672837,125,95046,84186,2247,9567,11924,19195,42728,32612,1931,6964,153634,808,183979,2980,1806,246628,30514,169425,11098,25183,17783,234801,17141,31131,1320,1705,4035,2917,8303,113619,67,2912,47335,1154,12233,8504,16016,98943,21340,67195,20290,458689,687,37527,11776,1814,30873,443,3112,38268,263238,1920061,329,6843247
160,2020-06-08,20342,10154,13325,7260,16868,7553,14763,48630,59813,691758,126,95688,84191,2247,9628,11948,19600,43120,34079,1939,6981,153977,808,184193,2997,1807,256611,31186,171789,12366,25201,17915,234998,17174,31848,1331,1714,4039,3028,8322,117103,67,3448,47574,1154,12486,8504,16882,103671,21895,68790,20479,467673,687,37910,11814,1835,30882,443,3119,38808,264039,1942363,331,6958076
161,2020-06-09,20917,10265,13675,7265,16889,7876,15417,49453,59965,707412,126,96233,84194,2247,9697,11962,20126,43378,35444,1940,7001,154188,812,184543,3049,1807,266598,32033,173832,13481,25207,18089,235278,17210,32510,1350,1720,4040,3155,8329,120102,67,3762,47739,1154,12801,8547,17486,108317,22474,70158,20604,476658,687,38296,11852,1857,30889,443,3119,39376,264760,1961185,332,7063697
162,2020-06-10,21459,10382,14103,7267,16902,8191,16200,50265,60110,739503,126,96642,84198,2247,9751,12001,20415,43917,36829,1947,7025,154591,818,184861,3058,1807,276583,33076,175927,14268,25215,18268,235561,17251,33140,1368,1727,4046,3242,8336,124301,67,4085,47903,1154,13464,8563,18198,113702,22992,71879,20749,485253,688,38514,11902,1859,30905,443,3125,39904,265859,1979850,332,7188934
163,2020-06-11,22143,10484,14669,7276,16936,8530,16667,51066,60229,772416,126,97114,84209,2249,9824,12016,20808,44440,38284,1958,7040,155136,827,185416,3068,1807,286579,34316,177938,15414,25231,18355,235763,17292,33823,1388,1733,4049,3367,8338,129184,67,4364,48087,1154,13873,8576,18887,119536,23732,73595,20945,493657,691,38965,11947,1869,30928,443,3125,40507,267017,2000464,332,7323788
164,2020-06-12,22890,10589,15281,7285,16964,8882,16667,51816,60324,802828,126,97519,84216,2249,9886,12035,21437,44440,39726,1965,7064,155561,831,185674,3088,1807,297535,35295,180176,16675,25238,18701,236142,17332,34432,1402,1752,4052,3542,8369,133974,67,4614,48251,1154,14554,8594,19954,125933,24175,75071,21182,502436,691,39387,12003,1877,30961,443,3125,40986,268216,2023347,332,7459943
165,2020-06-13,23546,10698,16004,7290,16994,9218,17713,52520,60413,828810,126,97932,84228,2249,9938,12099,22008,45778,41304,1970,7073,156287,843,186022,3108,1808,308993,36406,182545,17770,25250,18876,236305,17382,34952,1422,1756,4055,3706,8402,139196,67,5062,48461,1154,15181,8606,21071,132405,24787,76588,21404,511423,694,39850,12051,1880,30980,443,3129,41499,269233,2048986,333,7604569
166,2020-06-14,24102,10810,16667,7302,17014,9570,18227,53241,60462,850514,128,98399,84288,2251,9991,12139,22572,46356,42980,1973,7087,156813,851,186269,3112,1810,320922,37420,184955,18950,25295,19008,236651,17429,35466,1442,1763,4063,3902,8445,142690,67,5335,48640,1154,15682,8606,22077,139230,25392,78416,21679,520129,694,40197,12084,1884,31011,443,3134,41990,270285,2074526,334,7737981
167,2020-06-15,24766,10919,17064,7320,17038,9957,18544,53973,60484,867624,128,98776,84335,2252,10024,12193,22962,46751,44598,1973,7104,157220,879,186461,3121,1810,332424,38277,187427,20209,25303,19121,236989,17502,35920,1446,1768,4070,4057,8453,146837,67,5760,48783,1154,16085,8606,23481,144478,25930,79602,21999,528964,694,40604,12121,1889,31034,443,3135,42294,271175,2094069,334,7859177
168,2020-06-16,25527,11031,17489,7335,17065,10324,19013,54680,60631,888271,128,99136,84378,2254,10064,12217,23271,47322,46289,1974,7108,157372,879,186839,3134,1811,343091,39294,189876,21315,25321,19338,237290,17587,36431,1464,1773,4072,4157,8494,150264,67,6211,48948,1156,16658,8631,24524,148921,26420,80876,22165,537210,694,40818,12155,1905,31048,445,3135,42636,271997,2114026,334,7977672
169,2020-06-17,26310,11147,18033,7347,17098,10662,19553,55369,60730,923189,128,99456,84422,2255,10111,12250,23686,47943,47856,1975,7112,157716,888,187184,3148,1812,354065,40400,192439,22700,25334,19637,237500,17628,36958,1473,1776,4075,4289,8505,154863,67,6591,49087,1156,17148,8631,25269,154760,26781,82077,22415,545458,694,40969,12198,1915,31063,445,3135,42982,273040,2137731,335,8119148
170,2020-06-18,26874,11268,18698,7370,17115,10991,19961,56032,60853,955377,129,99842,84458,2258,10162,12294,24105,48490,49219,1977,7117,158174,893,187764,3203,1812,366946,41431,195051,24254,25341,19894,237828,17668,37533,1489,1778,4085,4482,8515,159793,67,7177,49204,1157,17735,8660,26079,160118,27238,83174,22760,553301,696,41216,12257,1924,31100,445,3141,43364,274142,2163290,335,8296012
171,2020-06-19,27532,11385,19157,7391,17155,11329,20430,56657,60961,978142,129,100209,84494,2269,10230,12344,24645,49097,50437,1977,7117,158641,895,188534,3227,1814,380532,42762,197647,25717,25355,20036,238159,17740,38074,1495,1784,4091,4664,8529,165455,67,7848,49319,1157,18480,8692,26818,165062,27799,84441,23080,561091,696,41473,12306,1947,31117,446,3141,43752,275155,2191052,342,8434462
172,2020-06-20,27878,11504,19708,7409,17185,11767,20916,57333,61082,1032913,129,100618,84524,2280,10406,12391,25068,49731,52211,1979,7133,159452,896,189135,3237,1815,395048,43803,200262,27352,25368,20339,238011,17799,38678,1510,1792,4099,4820,8535,170485,67,8274,49426,1159,19147,8692,27670,171666,28459,85462,23400,569063,696,41615,12373,1950,31209,446,3146,44145,276182,2220961,349,8614773
173,2020-06-21,28424,11631,20268,7436,17247,12238,21331,57936,61132,1067579,129,101008,84553,2299,10448,12391,25778,50183,53758,1981,7142,160093,898,189822,3256,1815,410461,45029,202584,29222,25374,20633,238275,17799,39145,1536,1795,4105,5005,8556,175202,67,8605,49502,1161,19808,8708,28566,176617,29400,86488,23730,576952,696,41833,12421,1950,31209,446,3147,44533,277168,2255119,349,8775090
174,2020-06-22,28833,11771,20588,7461,17285,12729,21764,58505,61152,1085038,129,101326,84572,2317,10498,12391,26677,50640,55233,1981,7143,160377,908,190359,3266,1815,425282,45891,204952,30868,25379,20778,238499,17916,39650,1587,1798,4120,5106,8572,180545,68,9026,49593,1163,20244,8708,29471,181088,30052,87369,24045,584680,696,42095,12438,1950,31209,446,3148,44925,277855,2280912,349,8904288
175,2020-06-23,29143,11920,21006,7474,17320,13207,22407,59023,61295,1106470,130,101637,84624,2336,10561,12527,27370,50640,56809,1981,7144,160750,911,190862,3287,1815,440215,46845,207525,32676,25383,21082,238720,17968,40291,1603,1801,4121,5196,8587,185122,68,9026,49658,1165,20919,8745,31076,185034,30682,88403,24291,592280,698,42313,12484,1951,31227,446,3151,45303,278494,2312302,349,9038527
176,2020-06-24,29481,12076,21717,7492,17351,13715,23062,59487,61405,1145906,130,101963,84653,2366,10650,12561,27936,51643,58141,1982,7155,161267,914,191449,3302,1815,456183,47896,209970,34502,25391,21512,238833,18027,41033,1622,1803,4133,5314,8590,191410,68,9026,49722,1166,21371,8751,32394,188926,31825,89579,24505,599705,698,42432,12535,1991,31249,446,3156,45683,279390,2347022,349,9202419
177,2020-06-25,29715,12248,22488,7521,17384,14305,23570,59945,61505,1188631,130,102242,84673,2388,10777,12615,28631,52334,59561,1983,7167,161348,917,192079,3310,1817,473105,49009,212501,36702,25396,22044,239410,18110,41879,1644,1804,4140,5450,8596,196847,69,10728,49804,1169,22020,8777,33536,192970,32295,90778,24826,606881,698,42623,12563,2001,31293,446,3158,46133,280276,2381361,352,9377413
178,2020-06-26,30175,12445,23247,7558,17431,14852,24081,60382,61581,1228114,130,102611,84701,2483,10870,12636,29141,53156,61130,1984,7172,161348,919,192556,3321,1818,490401,50187,215096,39139,25405,22400,239706,18197,42788,1662,1806,4151,5603,8600,202951,69,11162,49914,1170,22614,8793,34902,195745,33069,91838,25286,613994,698,42736,12602,2010,31345,447,3158,46563,281054,2422310,352,9556154
179,2020-06-27,30451,12685,23909,7595,17498,15369,24805,60713,61694,1274974,139,102783,84725,2539,11038,12675,29764,53856,62755,1986,7191,162936,921,193243,3343,1820,508953,51427,217724,41193,25414,22800,239961,18297,43703,1697,1808,4173,5766,8606,208392,69,11755,50005,1172,23298,8815,36034,198883,34073,92784,25697,620794,698,42955,12653,2014,31403,447,3162,46973,281775,2467837,353,9744826
180,2020-06-28,30616,12968,24645,7641,17562,15890,25267,61095,61735,1313667,141,103021,84743,2624,11298,12675,30619,54574,63923,1986,7191,162936,924,193499,3366,1820,528859,52812,220180,43262,25437,23421,240136,18390,44391,1719,1813,4217,5916,8616,212802,70,11755,50074,1176,24077,8815,36953,202955,34803,93663,26022,627646,698,43246,12715,2033,31472,447,3162,47360,282446,2510323,354,9926854
181,2020-06-29,30967,13273,25127,7686,17625,16424,25705,61475,61759,1344143,141,103239,84757,2691,11603,12675,31373,55255,65188,1987,7191,162936,926,193761,3376,1821,548318,54010,222669,45402,25439,23755,240310,18476,44942,1740,1816,4242,6092,8634,216852,70,12772,50147,1178,24567,8815,38150,206512,35455,94413,26313,634437,698,43459,12757,2037,31534,447,3162,47797,283095,2548996,355,10087057
182,2020-06-30,31238,13571,25542,7767,17666,16968,26239,61790,61886,1368195,141,103907,84780,2725,11805,12751,31816,55665,66754,1987,7209,164260,928,194259,3390,1822,566840,55092,225205,47151,25462,24441,240436,18593,45524,1745,1816,4256,6224,8637,220657,70,13248,50223,1178,25133,8855,39060,209337,36438,95106,26582,641156,698,43661,12800,2042,31569,447,3171,48246,283541,2590552,355,10245215
183,2020-07-01,31517,13907,26065,7834,17777,17524,26758,62118,61986,1402041,141,104193,84785,2777,11954,12768,32568,56432,68311,1989,7214,164801,928,194725,3409,1824,585493,56385,227662,49109,25473,25244,240578,18723,46195,1778,1817,4299,6350,8639,226089,70,13564,50273,1178,25694,8865,40070,213470,37514,96088,26970,647849,698,43907,12850,2047,31631,447,3173,48667,284271,2634432,355,10437300
184,2020-07-02,31836,14272,26658,7920,17814,18112,27414,62424,62121,1448753,141,104193,84816,2831,12046,12794,33387,58257,69814,1989,7236,165719,931,195228,3432,1825,604641,57770,230211,51524,25477,26257,240760,18874,46940,1788,1818,4345,6470,8640,231770,70,14046,50335,1180,26484,8887,41194,217809,38511,97003,27296,654405,698,44122,12904,2054,31851,448,3179,49069,284888,2686480,355,10637676
185,2020-07-03,32022,14657,27320,8001,17952,18684,27837,62698,62214,1496858,141,104760,84830,2912,12178,12815,34197,59468,71299,1990,7241,166378,939,195674,3458,1830,625544,59394,232863,53708,25489,27542,240961,19068,47859,1796,1825,4395,6643,8643,238511,73,14519,50412,1180,27110,8895,42555,221896,38805,97897,27746,661165,698,44310,12967,2066,31884,449,3180,49469,285539,2739879,355,10846301
186,2020-07-04,32324,15070,27900,8255,18073,19267,28410,62997,62308,1539081,141,105079,84839,3008,12319,12832,35148,60657,72711,1991,7269,166960,946,196096,3486,1830,648315,60695,235429,56020,25498,28055,241184,19282,48672,1830,1828,4447,6643,8648,245251,73,15259,50487,1180,27564,8895,43929,225283,40336,98653,28166,667883,698,44479,13030,2069,32017,449,3185,50141,286141,2794321,355,11051825
187,2020-07-05,32672,15500,28606,8362,18196,19801,28857,63270,62372,1577004,141,105305,84857,3094,12440,12832,36184,61535,74035,1993,7270,166960,948,196335,3511,1830,673165,62142,237878,58354,25509,29170,241419,19522,49303,1855,1831,4476,6932,8658,252165,73,15491,50548,1183,28167,8895,45106,228474,41830,99183,28582,674515,698,44664,13091,2074,32114,449,3190,50857,286720,2839542,355,11242889
188,2020-07-06,32951,15941,28936,8449,18269,20324,29367,63554,62396,1603055,141,105524,84871,3151,12515,12832,37425,61958,75253,1993,7272,166960,953,196554,3519,1830,697413,63749,240438,60479,25527,29958,241611,19775,49941,1873,1836,4522,7046,8658,256848,75,15784,50621,1183,28711,8895,46178,231818,41830,99799,28973,681251,698,44664,13091,2076,32184,449,3195,51540,287121,2888635,355,11421168
189,2020-07-07,33384,16404,29285,8586,18326,20837,29821,63804,62508,1623284,141,105923,84896,3220,12566,12878,38128,62380,76222,1994,7275,168335,958,196944,3562,1832,719665,64958,243051,62275,25531,31186,241819,19981,50644,1885,1841,4542,7122,8668,261750,75,15964,50657,1186,29286,8930,47735,234509,46333,100345,29223,687862,698,44983,13181,2078,32230,449,3195,52068,287676,2938625,369,11595446
190,2020-07-08,33594,16879,29820,8755,18415,21374,30321,64003,62607,1668589,141,106155,84917,3272,12685,12888,38430,63245,77279,1995,7276,168810,963,197341,3589,1833,742417,66226,245688,64701,25538,32222,241956,20174,51245,1907,1844,4603,7240,8674,268008,75,15964,50694,1187,29789,8936,48997,237489,47873,100945,29620,694230,698,45140,13244,2081,32284,449,3197,52600,288380,2996098,369,11802388
191,2020-07-09,33653,17348,30346,8886,18516,21916,30931,64224,62744,1713160,141,106422,84950,3325,12814,12900,39588,64221,78304,2003,7283,169473,968,197783,3622,1833,767296,68079,248379,67442,25542,33557,242149,20371,52007,1946,1854,4650,7401,8677,275003,75,16423,50746,1190,30249,8947,50207,240848,50359,101553,30175,700792,699,45298,13293,2094,32413,449,3202,53045,288977,3055004,369,12017894
192,2020-07-10,33908,17808,30903,9059,18613,22464,31528,64411,62868,1755779,141,106793,84996,3416,12919,12916,40790,65018,79254,2011,7287,170094,973,198178,3672,1833,793802,70736,250458,69612,25565,34825,242363,20719,52840,2011,1857,4719,7567,8683,282283,75,16531,50798,1192,30748,8954,51725,243599,51754,102110,30789,707301,699,45422,13338,2350,32501,451,3202,53577,289670,3118008,369,12243041
193,2020-07-11,34366,18242,31392,9359,18687,22990,32039,64604,62995,1800827,141,107114,85036,3532,13062,12946,41915,65801,80235,2013,7290,170752,981,198556,3732,1833,820916,72347,252720,72460,25589,36266,242639,21129,53580,2082,1861,4777,7770,8696,289174,75,16649,50840,1193,31323,8965,53614,246351,52914,102630,31381,713936,699,45613,13373,2454,32605,451,3216,54050,290385,3184633,370,12474502
194,2020-07-12,34451,18712,31969,9553,18795,23521,32470,64767,63057,1839850,156,107335,85071,3672,13115,12946,43114,67209,81158,2014,7290,170752,986,198804,3772,1833,849553,74018,255117,75194,25611,37463,242827,21502,54058,2168,1865,4842,7967,8704,295268,76,16719,50921,1194,31987,8965,54697,248872,54222,103128,32079,720547,699,45783,13417,2511,32713,451,3217,54453,290950,3247684,370,12692496
195,2020-07-13,34451,19195,32151,9797,18847,24041,32941,64932,63100,1864681,156,107579,85117,3722,13174,12946,44532,67870,82070,2014,7292,170752,995,198963,3803,1833,878254,75699,257303,77506,25628,38670,243061,21868,54894,2334,1869,4925,8111,8718,299750,76,16801,51022,1194,32558,8965,56015,251625,56259,103598,32535,727162,699,45961,13479,2617,32798,451,3220,54854,291392,3304942,372,12887995
196,2020-07-14,34455,19689,32490,9980,18859,24570,33476,65114,63324,1884967,165,108144,85172,3775,13238,13037,45506,68459,83001,2014,7293,172377,999,199375,3826,1833,906752,76981,259652,79735,25638,40632,243230,22220,55508,2419,1874,4956,8197,8725,304435,76,16945,51093,1195,33153,8981,58179,253604,57006,104016,32948,733699,699,46283,13512,2646,32861,451,3227,55198,291753,3363056,373,13076441
197,2020-07-15,34740,20216,33005,10251,19060,25113,34078,65269,63531,1926824,165,108475,85226,3827,13341,13061,46305,69570,83930,2015,7293,172377,1003,199726,3883,1835,936181,78572,262173,81757,25670,42360,243344,22508,56174,2451,1875,5056,8328,8729,311486,76,17061,51146,1197,33616,8984,59568,255769,57545,104533,33585,739947,699,46629,13551,2665,32931,451,3232,55573,292479,3431574,373,13300134
198,2020-07-16,34994,20770,33559,10495,19115,25672,34560,65443,63791,1966748,166,108816,85246,3953,13475,13092,47671,70329,84843,2016,7293,173304,1006,200260,3910,1835,968876,80094,264561,83867,25683,44714,243506,22890,56877,2542,1882,5056,8522,8734,317635,76,17177,51252,1198,34259,9001,61247,257914,58850,104983,34226,746369,699,46878,13612,2674,33063,452,3236,55848,293164,3499291,373,13531833
199,2020-07-17,35070,21355,34001,10810,19268,26165,35084,65623,64017,2012151,171,109253,85323,4039,13612,13124,48743,71365,85771,2016,7293,173838,1006,200843,3939,1836,1003832,81668,267061,86148,25698,46059,243736,23473,57668,2599,1902,5122,8612,8737,324041,76,17344,51351,1199,34854,9011,62574,259999,61266,105447,35003,752797,699,47126,13672,2687,33205,454,3239,56129,293936,3576221,373,13786211
200,2020-07-18,35289,21948,34462,11235,19406,26636,35473,65782,64291,2046328,171,109658,85403,4137,13742,13173,50113,72444,86474,2020,7301,174674,1018,201372,3964,1836,1038716,83130,269440,88171,25730,47459,243967,24132,58221,2700,1908,5285,8772,8755,331298,76,17445,51454,1200,35454,9015,64193,261917,63001,105898,35802,759203,699,47453,13711,2697,33296,454,3246,56422,294640,3647715,373,14034404
201,2020-07-19,35301,22549,34877,11441,19508,27133,36004,65953,64421,2074860,171,109658,85483,4235,13855,13173,51519,73382,87172,2021,7318,174674,1028,201574,3983,1838,1077618,84882,271606,90220,25750,49365,244216,24642,58904,2775,1915,5409,9009,8764,338913,76,17502,51581,1203,36107,9015,65504,263496,65304,106308,36691,765437,699,47655,13745,2704,33406,455,3249,56711,295209,3711464,373,14264695
202,2020-07-20,35475,23084,34981,11802,19571,27521,36422,66095,64485,2098389,171,110338,85613,4354,13945,13173,52855,74013,87775,2021,7338,174674,1028,201823,4007,1839,1118043,86521,273788,92530,25760,50289,244434,25096,59204,2859,1932,5483,9132,8779,344224,76,17658,51725,1204,36663,9015,66661,265083,67456,106648,37458,771546,699,47912,13771,2724,33504,455,3250,56922,295702,3773260,373,14480245
203,2020-07-21,35615,23691,35254,12069,19679,27890,36936,66213,64928,2118646,197,111113,85697,4370,14098,13262,53956,74620,88402,2021,7340,176754,1039,202345,4012,1839,1155191,88214,276202,94693,25766,51676,244624,25736,59763,2905,1947,5605,9249,8800,349396,76,17844,51910,1205,37225,9028,68400,266096,68898,107037,38139,777486,699,48035,13816,2730,33547,455,3255,57193,296115,3830010,373,14681009
204,2020-07-22,35727,24278,35693,12428,19818,28242,37316,66348,65073,2159654,197,111684,85771,4422,14324,13302,54797,76217,89078,2022,7351,177338,1049,202799,4048,1839,1192915,89869,278827,97159,25802,54042,244752,26303,60434,2980,1949,5725,9412,8815,356255,78,17944,52073,1205,37801,9038,69887,267428,70764,107430,39133,783328,699,48434,13879,2730,33655,455,3261,57498,296908,3902058,401,14920794
205,2020-07-23,35915,24872,36162,12896,19958,28633,37637,66521,65626,2227514,198,112227,85906,4530,14570,13350,56043,77257,89745,2025,7362,178336,1073,203368,4077,1840,1238635,91751,281413,99865,25819,56085,245032,27029,61185,3104,1960,5854,9547,8831,362274,79,18094,52241,1205,38344,9053,71547,269191,72269,107871,40163,789190,699,48744,13938,2752,33796,455,3269,57734,297659,3970906,408,15202427
206,2020-07-24,35928,25484,36613,13306,20122,28980,37996,66688,66065,2287475,202,112659,86045,4634,14800,13390,57615,78148,90413,2027,7372,179398,1104,204183,4110,1841,1287945,93657,284034,102226,25826,57982,245338,27956,61872,3260,1960,5952,9669,8840,370712,80,18241,52404,1206,38948,9062,72646,270400,74390,108244,41275,795038,699,49098,13979,2753,33913,458,3279,57988,298432,4034102,412,15478718
207,2020-07-25,36036,26159,36996,13595,20229,29312,38458,66846,66561,2343366,202,113193,86202,4715,15081,13438,59077,79049,91072,2028,7380,180528,1117,204964,4135,1843,1336861,95418,286523,104711,25845,59475,245590,28786,62625,3407,1986,6056,9797,8861,378285,81,18374,52595,1206,39539,9085,73791,271887,76444,108638,42394,800849,699,49375,14092,2764,34067,458,3282,58249,299163,4112529,415,15762629
208,2020-07-26,36157,26764,37317,13950,20349,29633,38747,67002,66790,2394513,225,113543,86381,4792,15212,13438,60896,80036,91583,2033,7388,180528,1131,205269,4166,1843,1385522,97286,288839,107573,25869,60678,245864,29382,63309,3582,2001,6189,9934,8884,385036,81,18483,52732,1206,39977,9085,74858,273113,78412,109036,43678,806720,699,49888,14150,2770,34215,458,3291,58562,299830,4178027,415,16022257
209,2020-07-27,36263,27357,37390,14403,20486,30050,39131,67132,66974,2419091,225,113898,86570,4857,15324,13438,62908,80694,92062,2034,7393,180528,1137,205609,4193,1847,1435453,98778,291172,110032,25881,61956,246118,29989,63773,3750,2008,6272,10086,8897,390516,81,18613,52946,1206,40532,9085,76005,274289,80448,109305,44798,812485,699,50369,14175,2782,34325,462,3295,58913,300251,4234020,420,16254115
210,2020-07-28,36368,27973,37629,14935,20550,30446,39482,67251,67569,2442375,225,114597,86783,4881,15516,13547,64156,81161,92482,2038,7398,183079,1145,206242,4227,1854,1483156,100303,293606,112585,25892,64458,246286,29989,64379,3882,2019,6321,10214,8904,395489,81,18752,53151,1207,41180,9117,77058,275225,82040,109597,45902,818120,699,50838,14203,2805,34390,467,3297,59177,300622,4290263,431,16466022
211,2020-07-29,36471,28615,37937,15304,20682,30858,39921,67366,68254,2483191,226,114980,86990,4923,15799,13577,64690,82279,92947,2038,7404,183804,1155,206926,4279,1857,1531669,102051,296273,115332,25929,66555,246488,31333,65149,4023,2027,6375,10316,8943,402697,82,19063,53374,1209,41804,9132,77904,276288,83673,109880,47053,823515,699,51197,14251,2810,34522,467,3298,59546,300692,4351997,433,16709824
212,2020-07-30,36471,29229,38196,15582,20846,31221,40311,67518,68957,2552265,234,115456,87213,4993,16093,13634,66182,83193,93356,2042,7414,185196,1155,207828,4336,1861,1583792,104432,298909,118300,25942,68556,246776,32459,65903,4205,2043,6533,10504,8956,408449,84,19273,53621,1210,42208,9150,78569,277402,85486,110153,48235,828990,699,51531,14269,2811,34714,467,3304,59921,301455,4426982,459,17007935
213,2020-07-31,36542,29831,38550,16303,21009,31560,40755,67665,69592,2610102,234,115785,87489,5071,16342,13725,67915,84370,93757,2051,7423,186573,1160,208698,4401,1872,1638870,106336,301530,121263,26027,70379,247158,33774,66529,4334,2062,6616,10623,8964,416179,84,19547,53963,1210,42689,9172,79159,278305,89374,110460,49591,834499,699,51809,14305,2814,34933,467,3310,60506,302301,4495014,509,17298366
214,2020-08-01,36710,30394,38841,16905,21098,31878,40982,67808,70276,2662485,239,116298,87655,5138,16574,13789,69649,85355,94078,2064,7432,187919,1168,209653,4477,1885,1695988,108376,304204,124609,26065,70970,247537,34372,66957,4555,2075,6695,10762,8976,424637,84,19771,54301,1212,43151,9208,79159,278305,93354,110695,50886,839981,699,52205,14336,2815,35070,474,3312,60506,303181,4562037,558,17577428
215,2020-08-02,36710,30950,39050,17282,21224,32157,41190,67946,70585,2707877,240,116585,87827,5224,16699,13789,71415,86232,94316,2072,7443,187919,1171,209893,4587,1893,1750723,109936,306752,126704,26109,72283,247832,36081,67448,4730,2093,6695,10900,8985,434193,84,20086,54732,1215,43537,9208,79159,278305,98232,110911,52111,845443,699,52512,14336,2815,35412,474,3317,60760,303952,4620444,590,17845285
216,2020-08-03,36710,31465,39102,17923,21309,32443,41536,68067,70733,2733677,240,116870,87985,5260,16800,13789,72243,86524,94483,2079,7453,187919,1177,210402,4662,1907,1803695,111455,309437,129151,26162,73025,248070,38072,67911,4885,2110,6695,11054,8999,439046,84,20332,55043,1217,43841,9208,79159,280029,103185,111107,53186,850870,699,52825,14389,2823,35461,475,3320,60999,304695,4667955,621,18068577
217,2020-08-04,36747,31972,39102,18318,21341,32684,41835,68166,71527,2750318,240,117017,88099,5296,17008,13996,73117,87041,94640,2080,7466,191295,1182,211281,4737,1915,1855745,113134,312035,131886,26208,74903,248229,39858,68299,5062,2120,6864,11140,9001,443813,85,20750,55415,1217,44129,9268,79159,280461,106330,111322,54009,856264,699,53051,14423,2828,35527,476,3321,61163,305623,4713562,652,18273234
218,2020-08-05,36829,32504,39298,18729,21472,32910,42132,68250,72340,2801921,243,117777,88206,5318,17286,14073,74295,87963,94752,2091,7483,192334,1197,212022,4855,1918,1908254,115056,314786,134722,26253,76642,248419,41129,68774,5062,2137,6917,11140,9002,449961,87,21009,55955,1219,44433,9333,79159,281136,112593,111538,55241,861423,699,53346,14456,2834,35657,476,3328,61352,306293,4771087,672,18528906
219,2020-08-06,36896,33055,39586,19444,21575,33103,42514,68376,73107,2859073,243,118172,88328,5376,17529,14185,75660,88866,94875,2113,7512,194029,1206,213762,4973,1926,1964536,116871,317483,137556,26303,78324,248803,42263,69425,5417,2147,7007,11201,9023,456100,90,21390,56381,1219,44890,9362,80286,281863,115980,111805,56550,867343,710,54254,14499,2839,35838,477,3330,61606,307184,4823891,717,18806510
220,2020-08-07,36937,33626,39819,19862,21689,33247,42889,68503,73876,2912212,243,118546,88460,5404,17740,14306,76536,90537,95006,2124,7532,195633,1206,214926,5123,1932,2027074,118753,320117,140603,26372,80054,249204,43815,70045,5672,2171,7073,11289,9038,462690,91,21750,56982,1219,45244,9409,80713,282645,119460,112092,57895,871894,710,54555,14519,2839,36019,477,3345,61845,308134,4883646,750,19092435
221,2020-08-08,37015,34155,39885,20272,21819,33376,43307,68614,74647,2962442,246,118970,88580,5466,18060,14442,77709,91969,95147,2133,7554,197921,1213,215921,5270,1952,2088611,121226,322567,144064,26470,80991,249756,45439,70727,5951,2194,7113,11571,9063,469407,93,22214,57501,1219,45687,9468,81067,283487,122754,112383,59273,877135,710,54797,14562,2839,36180,479,3348,62061,309005,4941796,789,19368338
222,2020-08-09,37054,34693,40185,20698,21935,33481,43629,68738,74951,3012412,246,119206,88672,5543,18235,14442,78778,93572,95314,2147,7568,197921,1225,216625,5421,1955,2153010,123503,324692,147389,26644,82465,250103,46783,71199,6223,2231,7113,11771,9070,475902,94,22592,57987,1219,46140,9468,81357,284121,126885,112650,60623,882347,710,54929,14598,2841,36362,480,3351,62300,309763,4998017,812,19637056
223,2020-08-10,37054,35214,40410,21084,22011,33568,44011,68850,75073,3035422,251,119451,88793,5604,18355,14442,79732,94459,95492,2152,7584,197921,1250,216942,5623,1958,2215074,125396,326712,150115,26712,83002,250566,47990,71713,6517,2252,7113,11856,9083,480278,94,22972,58564,1219,46577,9468,81580,284660,129913,112947,61768,887536,710,55104,14626,2844,36514,480,3351,62525,310825,5044864,841,19866470
224,2020-08-11,37054,35712,40433,21397,22122,33647,44397,68947,75946,3057470,266,120117,88906,5649,18494,14815,80499,94701,95666,2158,7601,202775,1264,218021,5749,1962,2268675,127083,328844,153599,26768,85222,250825,48238,72400,6812,2265,7216,11965,9094,485836,94,23310,59139,1220,46867,9638,81787,285191,136638,113262,62547,892654,710,55292,14660,2871,36619,480,3351,62704,311641,5094394,846,20086236
225,2020-08-12,37269,36204,40593,21713,22260,33731,44804,69005,76664,3109630,268,120406,88964,5740,18783,14959,81094,95563,95834,2167,7623,204172,1278,219203,5942,1968,2329638,128776,331189,156995,26801,86959,251237,49512,73068,7121,2283,7242,11965,9103,492522,95,23948,59918,1220,47290,9684,82050,285921,139538,113646,63762,897599,710,55353,14714,2880,36806,481,3356,62966,312789,5141207,866,20347703
226,2020-08-13,37345,36699,40794,22127,22501,33824,45264,69102,77273,3164785,272,120829,89045,5870,19075,15070,82224,97110,95963,2174,7642,206696,1283,220724,6177,1972,2396637,130718,333699,160436,26838,88554,251713,50444,73785,7413,2309,7300,12217,9114,498380,97,24432,60572,1238,47743,9750,82299,286674,143749,113938,65177,902701,710,55395,14770,2881,37079,481,3356,63212,313798,5197148,883,20637051
227,2020-08-14,37424,37187,41023,22358,22730,33915,45726,69203,77942,3224876,273,121234,89144,6050,19401,15214,83134,98343,96108,2174,7683,209365,1306,222176,6381,1976,2461190,132816,336324,164277,26929,89822,252235,51513,74486,7711,2330,7368,12357,9129,505751,99,24957,61149,1251,48116,9783,82531,287300,147526,114281,66631,907758,710,55497,14873,2882,37312,481,3376,63489,314927,5248242,911,20923721
228,2020-08-15,37431,37664,41299,22743,22951,34018,46052,69308,78529,3275520,273,121652,89214,6258,19693,15379,84488,99409,96220,2177,7700,212211,1306,223515,6632,1983,2526192,135123,338825,168290,26995,91080,252809,53577,75185,8045,2352,7405,12546,9149,511369,99,25551,61785,1258,48445,9850,82743,288047,153660,114532,68046,912823,710,55580,15039,2886,37580,482,3376,63819,316367,5313080,930,21212639
229,2020-08-16,37551,38133,41495,23035,23211,34107,46430,69424,78692,3317096,273,121889,89279,6420,19891,15483,85545,100688,96336,2184,7720,215521,1321,224233,6858,1999,2589682,137468,341070,172583,27191,92343,253438,54714,75697,8442,2386,7439,12653,9175,517714,99,26019,62437,1271,48770,9850,82924,288717,157918,114809,69374,917884,710,55661,15318,2890,37831,484,3377,64102,317444,5361165,934,21472272
230,2020-08-17,37596,38583,41663,23288,23373,34219,46430,69516,78824,3340197,273,122087,89375,6571,20012,15617,86309,101542,96475,2190,7731,218536,1341,224714,7075,2011,2647663,139549,343203,176931,27257,92680,253915,54952,76205,8881,2416,7439,12739,9200,522162,99,26660,62943,1280,49068,9850,83086,289215,161253,115080,70461,922853,710,55747,15515,2893,38031,485,3378,64312,318484,5403269,964,21704633
231,2020-08-18,37599,39025,41701,23599,23717,34343,47185,69589,79531,3359570,273,122872,89441,6656,20202,15740,86737,101751,96590,2192,7752,219029,1351,226145,7222,2014,2702742,141370,345450,180133,27313,95129,254235,55958,76827,9337,2436,7469,12774,9212,525733,100,27241,63424,1293,49485,10004,83226,289832,164474,115368,71194,927745,710,55838,15761,2900,38156,485,3378,64541,319197,5438325,983,21901179
232,2020-08-19,37599,39444,41846,23773,23875,34474,47185,69673,80256,3407354,273,123154,89494,6855,20483,15855,87123,102941,96590,2200,7776,221267,1361,226914,7472,2027,2767273,143043,347835,184709,27499,96409,254636,57550,77470,9337,2474,7499,12877,9219,531239,100,28257,63911,1299,49895,10060,83418,289832,169213,115661,72208,932493,710,55938,16058,2902,38352,486,3382,64906,320286,5482416,989,22156203
233,2020-08-20,37759,39847,42056,23993,24300,34620,47185,69801,80868,3456652,273,123490,89527,7074,20798,15940,88127,104475,96914,2207,7776,225043,1361,228621,7684,2035,2836925,144945,347835,188802,27547,97969,255278,58501,78145,10347,2496,7566,12985,9235,537031,100,28938,64463,1304,50488,10111,83606,290958,173774,115956,73617,937321,710,56031,16346,2902,38662,486,3389,65341,321098,5529842,994,22437721
234,2020-08-21,37856,40258,42319,24236,24608,34759,47950,69950,81449,3501975,273,123873,89567,7329,21045,16056,89010,105508,97025,2227,7842,229814,1370,230948,7934,2040,2905823,147211,352558,192797,27676,99599,256118,59721,78767,10952,2528,7637,12985,9240,543806,102,29645,64992,1315,50964,10162,83769,291588,178022,116224,74963,942106,710,56099,16670,2918,38926,486,3390,65802,322280,5573847,1007,22714039
235,2020-08-22,37894,40667,42477,24407,24883,34921,48303,70111,81959,3532330,273,124372,89616,7594,21551,16127,89867,106481,97148,2244,7871,234400,1385,232082,8138,2050,2975701,149408,354764,197085,27755,100716,257065,60733,79269,11580,2564,7704,13218,9249,549734,106,30483,65526,1321,51304,10197,83769,292174,182365,116481,76355,946976,710,56216,17002,2941,39232,487,3390,66193,323313,5623727,1009,22967270
236,2020-08-23,37999,41068,42616,24602,25099,35105,49038,70285,82162,3582362,273,124629,89654,7900,21790,16127,90561,107089,97237,2265,7871,238002,1394,232864,8381,2058,3044940,151498,356792,201050,27908,102080,258136,61747,79957,12191,2594,7704,13218,9257,556216,108,31117,66034,1324,51905,10197,83769,292765,187249,116765,77544,951897,710,56266,17399,2947,39526,487,3395,66617,324601,5668105,1014,23234000
237,2020-08-24,37999,41460,42792,24812,25239,35274,49038,70468,82277,3605783,273,124896,89695,8175,21923,16127,91161,107769,97237,2272,7871,242899,1411,233575,8664,2064,3106348,153535,358905,204341,27969,103151,259345,61754,80528,12191,2635,7704,13514,9267,560164,111,31935,66490,1332,52227,10197,83769,292765,189601,117008,78525,956749,710,56353,17665,2953,39802,487,3397,67007,325642,5702611,1016,23458348
238,2020-08-25,38070,41858,42825,24916,25547,35426,49330,70645,82885,3622861,273,125647,89718,8311,22181,16397,91608,108289,97478,2275,7938,244854,1421,234853,8819,2073,3167323,155412,358905,207985,28116,105063,260298,63121,80960,13155,2673,7794,13595,9274,563705,115,32678,67062,1339,52548,10323,84509,293711,194252,117266,79330,961493,710,56404,17945,2959,39959,487,3402,67282,326614,5740909,1022,23669806
239,2020-08-26,38071,42228,42936,25053,25838,35559,50076,70727,83412,3669995,273,125969,89752,8530,22548,16480,92217,109030,97619,2294,7981,248158,1436,236429,8987,2077,3234474,157859,361150,211947,28201,107078,261174,63822,81573,13687,2694,7838,13673,9285,568621,121,33533,67476,1344,52800,10395,84652,294193,197164,117498,80390,966189,710,56435,18265,2971,40161,487,3403,67621,327798,5779028,1029,23924878
240,2020-08-27,38126,42619,43067,25205,26154,35707,50393,70974,83938,3717156,273,126417,89784,8888,22951,16537,92557,110549,97825,2311,8002,253587,1447,237936,9280,2082,3310234,160165,363363,215784,28363,108964,262540,64668,82271,14248,2726,7928,13799,9291,573888,122,34418,68046,1351,53021,10454,84818,294638,202361,117742,81646,970865,710,56495,18706,2984,40540,487,3404,68020,328846,5821876,1034,24201553
241,2020-08-28,38129,43016,43270,25322,26381,35844,50756,71165,84473,3761391,273,126848,89814,9192,23300,16627,92964,111219,98062,2325,8019,259698,1455,239507,9531,2087,3387500,162884,367796,219435,28453,110403,263949,65573,82945,14937,2762,6543,13927,9296,579914,125,35529,68556,1363,53317,10505,85005,295053,205581,117988,83150,975576,710,56572,19077,2986,40900,487,3410,68511,330368,5867785,1036,24484963
242,2020-08-29,38140,43403,43451,25448,26763,35986,51113,71346,85087,3804803,273,127358,89836,9549,23777,16700,93390,112141,98285,2343,8042,267077,1462,240986,9800,2092,3463972,165887,369911,223612,28579,112000,265409,66423,83578,15613,2810,6580,13927,9306,585738,125,36456,69063,1376,53477,10543,85005,295372,209544,118196,84468,980405,710,56666,19400,2989,41240,488,3411,68901,331644,5917439,1038,24761562
243,2020-08-30,38143,43782,43626,25547,26937,36174,51391,71523,85282,3846153,273,127673,89863,9861,24094,16700,93732,112906,98497,2363,8049,272530,1462,241771,9977,2100,3542733,169195,371816,227446,28720,113623,266853,67264,84224,16275,2839,6580,13927,9317,591712,130,37340,69563,1378,53727,10543,85005,295636,213131,118407,85833,985346,710,56717,19699,2995,41615,488,3411,69328,332752,5961582,1040,25030573
244,2020-08-31,38162,44146,43750,25670,27218,36309,51574,71687,85399,3862311,274,127940,89895,10123,24367,16700,94241,113648,98727,2373,8077,277943,1487,242381,10134,2105,3621245,172053,373570,231177,28760,114020,268218,67865,84636,16870,2874,6625,13927,9334,595841,131,38561,70071,1387,53865,10543,85544,295849,217396,118575,86785,990326,710,56771,19947,3012,41906,488,3412,69690,334467,5997163,1040,25275797
245,2020-09-01,38196,44494,43781,25746,27404,36435,51574,71843,86033,3908272,274,128948,89914,10269,24618,16985,94715,113767,98939,2375,8086,281025,1487,243599,10317,2107,3691166,174796,375212,234934,28811,117030,269214,68392,85109,17308,2906,6677,14330,9340,599560,138,39460,70596,1401,54008,10644,85722,296149,220819,118778,87540,995319,715,56812,20182,3049,42069,488,3417,70231,335873,6031013,1044,25518303
246,2020-09-02,38205,44833,43878,25819,27741,36578,51972,71962,86598,3950931,274,129425,89934,10414,25117,17084,94979,114309,99115,2395,8142,286007,1510,244855,10524,2116,3769523,177571,376894,238338,29025,119265,270189,69001,85811,17777,2929,6677,14341,9354,606036,140,40529,71057,1406,54247,10783,85928,296590,224264,118994,88593,1000048,715,56852,20449,3092,42285,489,3425,70805,337168,6075652,1044,25786848
247,2020-09-03,38243,45158,44075,25923,28183,36732,52440,72141,87173,3997865,274,129923,89953,10725,25773,17195,95627,115457,99280,2415,8161,293024,1548,246166,10757,2121,3853406,180646,378752,242284,29114,122539,271515,69599,86478,18375,2958,6745,14455,9360,610957,142,41649,71971,1408,54463,10871,85928,297014,226440,119206,89891,1005000,715,56860,20644,3101,42655,489,3427,71540,338676,6114406,1046,26069988
248,2020-09-04,38288,45469,44271,26049,28495,36899,52807,72302,87850,4041638,274,130493,89986,11094,26452,17374,96629,116360,99425,2441,8200,300181,1568,247619,10998,2128,3936747,184268,380746,247039,29206,125260,272912,70268,87378,18963,2978,6745,14600,9374,616894,143,42877,72392,1413,54587,11035,86380,297512,228403,119420,91256,1009995,715,56908,20842,3111,43127,490,3431,72154,340411,6150655,1046,26348842
249,2020-09-05,38304,45773,44461,26136,28766,37031,53433,72485,88578,4092832,274,131124,90008,11428,27249,17547,96629,117175,99582,2456,8225,309156,1596,248997,11200,2135,4023179,187537,382772,252075,29303,126419,274644,70876,88243,19490,3004,6854,14762,9374,623090,147,44236,73136,1413,54743,11120,86380,298025,228403,119637,92595,1015105,715,56908,20842,3115,43424,490,3431,72766,342351,6201726,1046,26642302
250,2020-09-06,38324,46071,44649,26207,28974,37192,54095,72663,88900,4123000,274,131495,90025,11739,27752,17547,98776,118045,99712,2490,8225,317706,1621,249985,11386,2136,4113811,190665,384666,256719,29534,129173,276338,71419,88963,20011,3040,6854,14762,9391,629409,147,45277,73790,1421,54905,11120,86380,298509,234570,119864,93864,1020310,716,56982,21177,3121,43849,493,3444,73471,344164,6245866,1049,26922027
251,2020-09-07,38398,46364,44783,26279,29194,37329,54771,72859,89055,4137521,274,131895,90058,11964,28156,17547,99333,109784,99863,2515,8225,324777,1640,250799,11524,2141,4204613,194109,386658,260370,29672,130644,277634,71856,89582,20426,3083,6896,14762,9397,634023,148,46257,74715,1425,55005,11120,87072,298903,237365,120095,95014,1025505,716,57022,21296,3123,44293,493,3445,73984,347152,6276421,1049,27170660
252,2020-09-08,38494,46653,44845,26322,29705,37418,56076,73031,89973,4147794,274,132142,90079,12081,28716,18113,99898,110092,100041,2531,8327,328980,1684,252298,11663,2143,4280422,196989,388810,264684,29774,135043,278784,72234,90387,20826,3100,6950,15090,9459,637509,153,47236,75512,1431,55160,11387,87328,299233,238727,120348,95897,1030690,716,57044,21432,3123,44484,494,3446,74454,350100,6300671,1049,27377041
253,2020-09-09,38520,46938,44953,26374,30200,37557,56076,73208,90844,4162073,274,133748,90087,12285,29877,18356,100131,110757,100228,2563,8337,335524,1773,253474,11832,2150,4370128,200035,391112,269578,30080,138719,280153,72726,91244,21324,3131,6974,15127,9559,642860,156,48138,76475,1437,55456,11519,87590,299659,241987,120579,97033,1035789,716,57091,21588,3140,44729,495,3447,75098,352560,6327793,1054,27621685
254,2020-09-10,38544,47216,45152,26465,30954,37732,56778,73402,91868,4197889,274,134294,90100,12626,31036,18607,100937,112166,100403,2585,8430,344101,1830,255366,12080,2153,4465863,203342,393425,273821,30164,142582,281583,73221,92082,21877,3163,7023,15226,9583,647507,161,49219,77615,1441,55632,11624,87939,299855,245143,120846,98304,1041007,722,57166,21743,3147,45197,496,3454,75981,355219,6359720,1059,27909634
255,2020-09-11,38572,47488,45326,26513,31451,37874,57450,73591,93011,4238446,274,134924,90127,12917,32413,18924,101716,113206,100557,2600,8469,353944,1917,256850,12452,2157,4562414,207203,395488,278418,30360,146542,283180,73901,92822,22437,3199,7088,15293,9628,652364,165,50465,78438,1442,55829,11746,88337,300371,248947,121052,99684,1046370,722,57229,21919,3155,45602,496,3461,76911,358138,6397227,1059,28214703
256,2020-09-12,38606,47752,45503,26565,32456,38037,58207,73784,94295,4282164,274,135626,90145,13107,33860,19216,102232,114732,100708,2632,8512,363350,2075,258480,12734,2161,4659984,210940,397801,282672,30571,148564,284796,74544,93475,22983,3243,7159,15414,9810,658299,168,51919,79706,1444,56017,11866,88337,300955,252964,121287,101075,1051874,722,57315,22055,3169,46130,498,3466,77842,361677,6445288,1060,28520027
257,2020-09-13,38641,48007,45675,26607,32951,38172,58839,73975,94912,4315687,275,136141,90168,13368,35401,19216,103092,116451,100856,2655,8512,373911,2075,259428,13036,2162,4754356,214757,399940,286778,30730,153217,286297,75218,94211,23669,3296,7159,15555,9868,663973,169,53120,80937,1446,56177,11866,88337,301481,257863,121523,102386,1057362,722,57357,22176,3196,46595,498,3473,78849,365174,6486108,1060,28807123
258,2020-09-14,38716,48254,45862,26651,33335,38327,59586,74173,95214,4330455,275,136659,90197,13533,36188,19216,103660,118594,101009,2676,8580,381094,2392,260355,13240,2165,4846427,218382,402029,290309,30985,156596,287753,75657,94764,24310,3335,7194,15694,9915,668381,171,54159,82023,1447,56256,11866,89746,302020,261216,121740,103495,1062811,722,57406,22285,3234,47068,498,3475,79489,368504,6519979,1063,29079717
259,2020-09-15,38815,48496,45969,26692,33884,38403,60307,74360,96938,4345610,275,138010,90219,13598,37222,19800,104110,118911,101177,2698,8627,387252,2392,261762,13420,2168,4930236,221523,404648,294478,31192,160368,288761,75958,95472,24857,3386,7244,15791,9946,671716,177,55329,83321,1450,56388,12155,90222,302424,265888,121975,104187,1068320,722,57454,22391,3262,47325,499,3480,80266,371125,6554820,1063,29322587
260,2020-09-16,38855,48734,46119,26738,34744,38517,60965,74552,98566,4382263,275,138803,90243,13749,38896,20129,104803,119553,101340,2722,8725,395104,2758,263663,13730,2174,5020359,225030,407353,298702,31549,166794,289990,76448,96301,25449,3442,7284,15925,9969,676487,178,56788,84697,1451,56478,12277,90660,303089,269407,122214,105298,1073849,723,57488,22504,3271,47640,500,3490,80940,374228,6606293,1063,29626784
261,2020-09-17,38872,48966,46376,26779,35448,38658,61643,74763,100507,4419083,275,139747,90250,14029,41032,20571,105521,121525,101500,2756,8750,404888,2937,265857,14041,2189,5118253,228993,410334,303059,31799,171768,291442,77009,96999,26083,3442,7394,16088,10031,680931,181,58327,86237,1458,56604,12393,91196,303634,272934,122449,107011,1079519,723,57514,22657,3271,48154,503,3490,81782,378219,6630891,1063,29918862
262,2020-09-18,38872,49194,46671,26813,36370,38777,62484,74987,102257,4455386,275,140867,90294,14279,44155,21393,106136,122257,101641,2778,8799,415481,3119,267773,14400,2206,5214677,232628,413149,307385,32023,176933,293025,77494,97824,26768,3504,7541,16274,10052,684113,186,59573,87987,1458,56735,12499,91753,304386,276289,122693,108690,1085281,723,57532,22783,3276,48684,503,3497,82568,381614,6674458,1066,30234230
263,2020-09-19,38919,49413,46910,26861,37191,38894,63189,75230,103987,4495183,275,141911,90308,14513,46262,21847,106732,124129,101772,2814,8858,428696,3306,270070,14738,2230,5308014,236519,416198,311690,32271,179071,294932,78073,98528,27518,3565,7718,16417,10147,688954,191,61593,89959,1460,56956,12645,91753,305031,279526,122917,110217,1091186,723,57543,22893,3281,49171,506,3500,83433,385936,6724667,1068,30545509
264,2020-09-20,39044,49623,47154,26885,37948,39042,63879,75461,104882,4528240,275,142774,90333,14725,48306,21847,107700,125620,101900,2875,8922,442194,3502,271415,14978,2307,5400619,240687,419043,315597,32538,183602,296569,78657,99049,28297,3664,7718,16557,10167,694121,192,62797,91841,1464,57145,12645,91753,305671,283460,123146,111550,1097251,723,57558,22975,3283,49171,507,3506,84242,390358,6764962,1068,30841524
265,2020-09-21,39044,49826,47431,26898,38557,39188,64499,75674,105341,4544629,275,143649,90369,14922,49240,21847,108289,126419,102015,2924,8980,453763,3695,272337,15142,2346,5487580,244676,422140,319035,32933,188427,298156,78657,99434,29303,3744,7804,16735,10219,697663,193,64122,93684,1464,57242,12645,93475,306304,286743,123376,112781,1103399,723,57576,23045,3287,49171,509,3506,84916,394257,6804814,1068,31127692
266,2020-09-22,39074,50023,47552,26912,39150,39280,65039,75898,107528,4558068,275,145415,90381,14992,50764,23323,108783,126711,102141,2941,9046,458061,3913,274158,15595,2377,5562663,248852,425481,322856,33121,192579,299506,79438,99964,29987,3814,7916,16780,10276,700580,195,65276,95899,1464,57437,12896,94051,306886,290190,123604,113589,1109595,723,57606,23106,3299,50264,509,3511,85595,398625,6857967,1068,31393504
267,2020-09-23,39145,50214,47667,26942,39897,39378,65752,76104,109599,4591604,275,146663,90399,15136,53158,23799,109269,127643,102254,2976,9195,468069,4140,275927,15928,2419,5646010,252923,429193,327580,33444,193374,300897,79768,100683,30852,3859,8016,16867,10358,705263,197,66632,98142,1468,57613,13000,94711,307418,291789,123917,114648,1115810,723,57627,23216,3313,50548,509,3514,86447,403551,6896274,1068,31674843
268,2020-09-24,39170,50400,47877,26973,40558,39524,66402,76357,111688,4624885,275,147753,90409,15340,55464,24357,109737,129892,102375,3033,9288,481141,4399,278070,16286,2476,5732518,257388,432798,332635,33675,204690,302537,80041,101299,31792,3932,8090,17049,10505,710049,199,67804,100493,1471,57724,13152,95339,308217,294591,124175,116415,1122241,723,57639,23341,3324,50984,509,3516,87530,409729,6934204,1069,31985733
269,2020-09-25,39186,50579,48251,26983,41246,39686,67014,76651,113451,4657702,275,149094,90424,15572,58374,24916,110122,131146,102513,3076,9379,497237,4399,280223,16627,2512,5818570,262022,436319,337106,33994,214458,304323,80497,101851,32819,4070,8158,17200,10576,715457,205,69301,103034,1473,57849,13275,95907,309015,296755,124425,118054,1128836,727,57654,23455,3333,51492,509,3519,88532,416363,6978417,1069,32306841
270,2020-09-26,39192,50754,48643,27000,42317,39787,67701,76957,114931,4689613,275,150456,90441,15795,61318,25594,110597,132475,102625,3118,9484,513034,4664,282730,16913,2561,5903932,266845,439882,341699,34315,215273,306235,81055,102441,33962,4184,8233,17343,10576,720858,208,70614,105810,1475,58062,13406,95907,309581,299361,124650,119683,1136048,727,57665,23516,3345,51747,510,3522,89540,423236,7033430,1069,32618624
271,2020-09-27,39227,50914,49072,27016,42940,39895,68190,77289,115872,4717991,276,151671,90456,16007,63294,26213,110957,133981,102736,3165,9577,527446,5254,284140,17228,2601,5992532,271339,443086,345969,34560,227100,308104,81690,103199,35242,4295,8311,17483,10769,726431,210,71821,108521,1477,58198,13406,95907,310275,301256,124850,121235,1143571,727,57685,23611,3349,51864,510,3523,90618,429277,7078798,1069,32920926
272,2020-09-28,39227,51067,49400,27040,43466,40023,68775,77609,116410,4732309,276,153125,90483,16197,64597,26637,111386,134747,102840,3200,9682,538569,5552,285332,17444,2623,6074702,275213,446448,349450,34990,231026,309870,82131,103544,36254,4385,8357,17629,10919,730317,210,73394,111510,1477,58324,13406,97450,310841,304226,125084,122673,1151438,727,57700,23661,3360,51864,510,3545,91469,434969,7115046,1074,33202966
273,2020-09-29,39239,51213,49574,27044,43885,40061,69848,77946,119131,4745464,277,155301,90505,16245,65883,27072,111666,134965,102955,3267,9734,542639,5866,287421,17707,2663,6145291,278722,449960,353566,35378,233265,311364,82494,103981,37272,4490,8376,17674,11034,733717,212,74745,114419,1479,58460,13698,98057,311516,307288,125311,123944,1159573,727,57715,23699,3363,52528,513,3559,92095,439013,7148044,1077,33438867
274,2020-09-30,39254,51368,49901,27063,44607,40119,70422,78260,121909,4777522,277,156961,90528,16380,67843,27464,111900,135749,103079,3315,9892,550690,5866,289219,18123,2695,6225763,282724,453637,358290,35740,236926,313011,83010,104568,38377,4578,8431,17786,11135,738163,214,76258,117420,1480,58647,13788,98585,312263,309303,125533,125414,1167805,727,57742,23812,3374,52751,514,3564,93090,446156,7191061,1094,33731211
275,2020-10-01,39268,51530,50359,27063,45753,40229,70864,78631,123833,4810935,277,158758,90528,16593,68919,27998,112209,137047,103198,3371,9992,563535,6640,291722,18475,2728,6312584,287008,457219,362981,36155,248133,314861,83010,105182,39634,4693,8509,17977,11135,743216,218,77817,120713,1480,58848,13914,98585,312806,309303,125760,127572,1176286,732,57742,23812,3380,53162,514,3569,94190,453264,7233043,1094,34045743
276,2020-10-02,39285,51690,50850,27096,46317,40309,71374,79019,124140,4847092,277,160535,90567,16827,74255,28396,112728,138584,103317,3450,10103,577505,7093,294395,18886,2769,6394068,291182,461044,367474,36597,255771,317409,84215,105676,40882,4784,8595,18138,11484,748315,219,79728,123966,1492,59001,14027,98585,313431,314079,125959,129658,1185231,732,57784,23952,3382,53712,517,3575,95348,460178,7277814,1095,34365765
277,2020-10-03,39290,51847,51382,27113,47189,40453,71803,79421,124140,4880523,278,162659,90584,17160,78051,28932,113350,139534,103466,3507,10204,589653,7564,296958,19346,2809,6473544,295499,464596,372259,37063,258902,319908,84768,106087,42173,4956,8709,18363,11771,753090,221,82450,127786,1493,59127,14149,98585,313984,316678,126164,132001,1194643,732,57794,24027,3388,54263,517,3583,96529,467146,7332285,1096,34680199